text,label
"HCL Technologies Summer Internship Program 2025. Duration: 3 months. Stipend: ₹30,000/month. Eligibility: Students in Electrical Engineering. Apply at https://careers.hcltechnolog.com by 5 January 2025.",0
"Exciting opportunity! Salesforce is expanding and we're looking for talented Backend Developers. If you have 1+ years of experience in TensorFlow and Machine Learning, apply through the link in bio. #hiring #TensorFlow",0
"🚀 We're hiring! PhonePe needs a Machine Learning Engineer in Noida. Great culture, competitive pay, learning opportunities. Check out the JD on our careers page. #openposition",0
We are looking for a Systems Administrator to join our team at Deloitte. Requirements: 8+ years of experience in JavaScript. Competitive salary and benefits. Apply at https://careers.deloitte.com.,0
"Dear Applicant, After careful consideration, we regret to inform you that we will not be moving forward with your application for the Systems Administrator position at Freshworks. We encourage you to apply for future openings. Regards, HR Team",0
"Position: Systems Administrator
Company: Atlassian
Location: Hyderabad
Experience: 3-6 years
Skills: Kubernetes, JavaScript, Node.js
Apply: https://careers.atlassian.com

Equal opportunity employer.",0
"Part time / Full time job available at Zomato. Earn ₹40,000/month minimum. Investment: ₹799 only. Returns guaranteed. +91 9999988888",1
"Subject: Application for Cloud Architect - PwC

Dear Hiring Manager,

I am writing to express my interest in the Cloud Architect position at PwC. With 6 years of experience in Go, I believe I would be a strong fit.

Best regards",0
"Position: Data Analyst
Company: Tech Mahindra
Location: Noida
Experience: 1-4 years
Skills: Java, Rust, TensorFlow
Apply: https://careers.techmahindra.com

Equal opportunity employer.",0
"Internship Opportunity at Infosys. Role: Systems Administrator Intern. Duration: 3 months. Location: Noida (Hybrid). Stipend: ₹35,000/month. No registration fee.",0
"URGENT: You are shortlisted for Infosys work from home job. Salary ₹1,50,000/month. Pay ₹599 processing fee to get your offer letter. WhatsApp: +91 8888877777",1
"We're offering a 2-month internship for Artificial Intelligence students at PwC, Ahmedabad. You'll work on real projects with our Product Manager team. Stipend provided. Apply: https://careers.pwc.com",0
"Razorpay is hiring a Software Engineer. Location: Hyderabad. Experience: 3+ years. Skills required: TypeScript, PyTorch. Send your resume to careers@razorpay.com.",0
Your application to RapidGrowth Inc has been approved! Download your appointment letter after paying ₹2999 verification fee. Contact HR: microsoft.careers@yahoo.com,1
"ATTENTION: TechVision Solutions is hiring! Part-time job, earn ₹80,000/day! Simple typing work. Registration fee ₹4999. DM now for details.",1
"Exciting opportunity at Reliance! Earn ₹1,20,000/month working from home. Only requirement: pay ₹9999 one-time registration charge. Limited time offer!",1
"TCS/Infosys/Wipro walk-in drive! No experience needed. ₹40,000/month CTC. Registration fee ₹5999. Venue details after payment.",1
"Dear Candidate, Flipkart is offering guaranteed placement with ₹10,000/month salary. To proceed, pay ₹4999 as security deposit. Offer expires today!",1
"Dear Applicant, Thank you for applying to the Product Manager position at ThoughtWorks. We have reviewed your application and would like to invite you for a technical interview on 9 January 2025 at 14:00 IST. Please confirm your availability. Regards, HR Team, ThoughtWorks",0
"Ernst & Young is hiring a Systems Administrator. Location: Hyderabad. Experience: 2+ years. Skills required: MongoDB, PyTorch. Send your resume to careers@ernstyoung.com.",0
"Hey, my team at KPMG is hiring a Full Stack Developer. Great work culture and benefits. If interested, apply through https://careers.kpmg.com and I can refer you internally. Happy to chat!",0
"Dear Applicant, Thank you for applying to the Machine Learning Engineer position at IBM India. We have reviewed your application and would like to invite you for a technical interview on 16 April 2025 at 15:00 IST. Please confirm your availability. Regards, HR Team, IBM India",0
"We're offering a 6-month internship for Electrical Engineering students at Accenture, Chennai. You'll work on real projects with our QA Engineer team. Stipend provided. Apply: https://careers.accenture.com",0
"Telegram job alert! RapidGrowth Inc needs 500 workers for data entry. ₹2,00,000/day guaranteed. Join our channel and pay ₹9999 to register.",1
We are pleased to inform you that you have been shortlisted for the Machine Learning Engineer position at Infosys. The next round is a coding test scheduled on 11 April 2025. No fees required at any stage of recruitment.,0
"Dear Applicant, After careful consideration, we regret to inform you that we will not be moving forward with your application for the Product Manager position at Freshworks. We encourage you to apply for future openings. Regards, HR Team",0
"Hi, I am HR from Flipkart. We have a vacancy for fresher. No experience needed. Salary ₹80,000/month. Pay ₹5999 training fee. Join immediately.",1
"Join our early-stage startup Salesforce! We're building health tech and need a QA Engineer. Equity + competitive salary. If you're passionate about Computer Science, send your resume to careers@salesforce.com.",0
"LAST CHANCE! Google hiring freshers NOW. ₹5,000/month. No skills required. Apply immediately before all positions are filled. Contact: hr.google@gmail.com",1
"Join our early-stage startup SAP Labs! We're building AI-powered analytics and need a UI/UX Designer. Equity + competitive salary. If you're passionate about Mechanical Engineering, send your resume to careers@saplabs.com.",0
"Dear Applicant, After careful consideration, we regret to inform you that we will not be moving forward with your application for the Data Analyst position at Ernst & Young. We encourage you to apply for future openings. Regards, HR Team",0
Are you looking for a job? PrimeWork Solutions is hiring. Good salary. Flexible hours. Work from anywhere. Pay ₹1999 to apply. Contact: quickhire@yahoo.com,1
"Join RapidGrowth Inc affiliate program. Invest ₹999 and earn ₹3,000/month passive income. 100% guaranteed returns. WhatsApp: +91 87654 32109",1
"Job Opening at MegaCorp International. No interview required. Just pay ₹9999 and start earning ₹5,000/month from day 1. Work from home. Contact: +91 87654 32109",1
"Job Opening: Data Scientist at JP Morgan, Pune. We offer a collaborative work environment, health insurance, and competitive compensation. Apply through our careers page: https://careers.jpmorgan.com.",0
Your application to MegaCorp International has been approved! Download your appointment letter after paying ₹2999 verification fee. Contact HR: quickhire@yahoo.com,1
"Remote UI/UX Designer position at Razorpay. We're a distributed team working across Pune and Kolkata. Stack: Java, AWS, MongoDB. Salary: 18.0 LPA. Apply: careers@razorpay.com",0
"Hey, my team at Accenture is hiring a UI/UX Designer. Great work culture and benefits. If interested, apply through https://careers.accenture.com and I can refer you internally. Happy to chat!",0
"Subject: Application for Frontend Developer - Ernst & Young

Dear Hiring Manager,

I am writing to express my interest in the Frontend Developer position at Ernst & Young. With 3 years of experience in Rust, I believe I would be a strong fit.

Best regards",0
"FREE LAPTOP + ₹25,000/month job at TechVision Solutions. Just pay ₹2999 shipping. WhatsApp +91 9999988888",1
You won a lottery selection for SmartWork India internship! Pay ₹2499 to claim your position. Certificate + stipend provided. Act fast!,1
"Campus Drive Alert: Adobe | Date: 16 October 2025 | Package: 4.0 LPA | Eligibility: 60% throughout, no backlogs | Register on the placement portal by 16 October 2025.",0
This is from Paytm HR department. We found your resume on Naukri. You are shortlisted. Pay ₹1999 for aptitude test. Call: +91 9999988888,1
We are looking for a Cloud Architect to join our team at Deloitte. Requirements: 4+ years of experience in Node.js. Competitive salary and benefits. Apply at https://careers.deloitte.com.,0
"ATTENTION: Microsoft is hiring! Part-time job, earn ₹40,000/day! Simple typing work. Registration fee ₹9999. DM now for details.",1
"Accenture is hiring a Full Stack Developer. Location: Noida. Experience: 7+ years. Skills required: Go, Data Analysis. Send your resume to careers@accenture.com.",0
"Hi! EliteJobs Global is looking for data entry operators. Work from home. Earn ₹2,00,000/day. No experience needed. Pay ₹799 to start. WhatsApp: +91 87654 32109",1
"Exciting opportunity! Tata Consultancy Services is expanding and we're looking for talented Product Managers. If you have 5+ years of experience in Kubernetes and TensorFlow, apply through the link in bio. #hiring #Kubernetes",0
"ATTENTION: TCS is hiring! Part-time job, earn ₹75,000/day! Simple typing work. Registration fee ₹599. DM now for details.",1
You won a lottery selection for RapidGrowth Inc internship! Pay ₹599 to claim your position. Certificate + stipend provided. Act fast!,1
"🌟 InstantHire Pvt Ltd is hiring! DM us on Instagram @fasttrack_jobs for details. Earn ₹25,000/month. Quick hiring process. No resume needed!",1
"Campus Drive Alert: Accenture | Date: 11 April 2025 | Package: 18.0 LPA | Eligibility: 60% throughout, no backlogs | Register on the placement portal by 11 April 2025.",0
"🌟 EasyMoney Corp is hiring! DM us on Instagram @techvision_careers for details. Earn ₹10,000/month. Quick hiring process. No resume needed!",1
"About CRED: We are a leading e-commerce company based in Delhi NCR.

Role: Systems Administrator
Responsibilities:
- Design and develop Cloud Computing solutions
- Collaborate with cross-functional teams
- Write clean, maintainable code

Requirements:
- 6+ years in Cloud Computing
- Strong problem-solving skills
- Excellent communication

Benefits: Health insurance, flexible hours, learning budget

Apply: https://careers.cred.com",0
We are pleased to inform you that you have been shortlisted for the Data Analyst position at Cognizant. The next round is a coding test scheduled on 25 June 2025. No fees required at any stage of recruitment.,0
"Dear Student, You have been selected for summer internship at DreamJob India. Stipend: ₹50,000/month. Please pay ₹5999 admission fee within 24 hours.",1
"Goldman Sachs will be visiting IIT Bombay for campus placements on 2 January 2025. Eligible branches: CSE, IT, ECE. CTC: 12.0 LPA. No registration charges. Prepare well!",0
Welcome to Reliance! Your joining date is next Monday. Please complete onboarding by paying ₹4999 for background verification. UPI: hr.company@paytm,1
"Thank you for your interest in Cognizant. We are currently reviewing applications for the DevOps Engineer position. Our recruitment process includes: 1) Resume screening, 2) Technical interview, 3) HR discussion. We do not charge any fees.",0
"🚀 We're hiring! PhonePe needs a Data Scientist in Kolkata. Great culture, competitive pay, learning opportunities. Check out the JD on our careers page. #openposition",0
"Internship Opportunity at Accenture. Role: UI/UX Designer Intern. Duration: 6 months. Location: Gurgaon (Hybrid). Stipend: ₹20,000/month. No registration fee.",0
"Join our early-stage startup PwC! We're building health tech and need a Data Analyst. Equity + competitive salary. If you're passionate about Electrical Engineering, send your resume to careers@pwc.com.",0
"KPMG will be visiting BITS Pilani for campus placements on 8 December 2025. Eligible branches: CSE, IT, ECE. CTC: 4.5 LPA. No registration charges. Prepare well!",0
"Exciting opportunity! Wipro is expanding and we're looking for talented Systems Administrators. If you have 2+ years of experience in AWS and Docker, apply through the link in bio. #hiring #AWS",0
Your application to DreamJob India has been approved! Download your appointment letter after paying ₹9999 verification fee. Contact HR: tcs.hr2024@gmail.com,1
"Dear Candidate, Paytm is offering guaranteed placement with ₹1,00,000/month salary. To proceed, pay ₹799 as security deposit. Offer expires today!",1
We are looking for a Cloud Architect to join our team at KPMG. Requirements: 3+ years of experience in Go. Competitive salary and benefits. Apply at https://careers.kpmg.com.,0
Your application to Swiggy has been approved! Download your appointment letter after paying ₹599 verification fee. Contact HR: quickhire@yahoo.com,1
"Tech Mahindra will be visiting NIT Trichy for campus placements on 20 June 2025. Eligible branches: CSE, IT, ECE. CTC: 6.0 LPA. No registration charges. Prepare well!",0
"We're offering a 3-month internship for Data Science students at Ernst & Young, Mumbai. You'll work on real projects with our UI/UX Designer team. Stipend provided. Apply: https://careers.ernstyoung.com",0
Adobe Recruitment 2025. Post: Frontend Developer. Vacancies: 89. Qualification: MCA. Age limit: 18-28 years. Apply online at https://careers.adobe.com. Last date: 26 March 2025. No application fee for SC/ST candidates.,0
"ATTENTION: GlobalHire Pvt Ltd is hiring! Part-time job, earn ₹5,000/day! Simple typing work. Registration fee ₹2499. DM now for details.",1
"Job Opening: Business Analyst at HCL Technologies, Delhi NCR. We offer a collaborative work environment, health insurance, and competitive compensation. Apply through our careers page: https://careers.hcltechnolog.com.",0
"Dear Student, You have been selected for summer internship at Amazon. Stipend: ₹75,000/month. Please pay ₹999 admission fee within 24 hours.",1
"Congrats! U r selected 4 Microsoft job. Sal: 10,000/m. Pay 2499 2 confirm. Call +91 76543 21098 NOW!",1
🎉 Congratulations! EliteJobs Global internship offer! Pay ₹499 to reserve your spot. High stipend guaranteed. Contact us on WhatsApp: 9876543210,1
🎉 Congratulations! PrimeWork Solutions internship offer! Pay ₹2999 to reserve your spot. High stipend guaranteed. Contact us on WhatsApp: +91 87654 32109,1
"Google/Microsoft/Amazon is hiring freshers! Salary ₹10,000/month. Send your resume to jobs.wipro@yahoo.in and pay ₹999 application fee.",1
Oracle Recruitment 2025. Post: Software Engineer. Vacancies: 16. Qualification: BCA. Age limit: 18-28 years. Apply online at https://careers.oracle.com. Last date: 13 November 2025. No application fee for SC/ST candidates.,0
"Campus Drive Alert: SAP Labs | Date: 27 June 2025 | Package: 5.0 LPA | Eligibility: 60% throughout, no backlogs | Register on the placement portal by 27 June 2025.",0
"Internship Opportunity at CRED. Role: Cloud Architect Intern. Duration: 6 months. Location: Ahmedabad (Hybrid). Stipend: ₹40,000/month. No registration fee.",0
Welcome to GoldenGate Careers! Your joining date is next Monday. Please complete onboarding by paying ₹799 for background verification. UPI: recruiter2024@gpay,1
CRED invites applications for Data Scientist. CTC: 5.0 LPA. Location: Noida. Qualifications: B.Tech/M.Tech in Mechanical Engineering. Apply by 12 July 2025.,0
"Internship Opportunity at SAP Labs. Role: Business Analyst Intern. Duration: 4 months. Location: Mumbai (Hybrid). Stipend: ₹30,000/month. No registration fee.",0
"🌟 Wipro is hiring! DM us on Instagram @quickhire_india for details. Earn ₹10,000/month. Quick hiring process. No resume needed!",1
"Internship Opportunity at Salesforce. Role: Full Stack Developer Intern. Duration: 2 months. Location: Bangalore (Hybrid). Stipend: ₹40,000/month. No registration fee.",0
"Job Opening at SmartWork India. No interview required. Just pay ₹4999 and start earning ₹8,000/month from day 1. Work from home. Contact: +91 8888877777",1
Goldman Sachs invites applications for Full Stack Developer. CTC: 8.0 LPA. Location: Mumbai. Qualifications: B.Tech/M.Tech in Electrical Engineering. Apply by 21 February 2025.,0
"Campus Drive Alert: Ernst & Young | Date: 7 July 2025 | Package: 4.5 LPA | Eligibility: 60% throughout, no backlogs | Register on the placement portal by 7 July 2025.",0
We are looking for a Cloud Architect to join our team at Deloitte. Requirements: 8+ years of experience in Go. Competitive salary and benefits. Apply at https://careers.deloitte.com.,0
"Part time / Full time job available at Swiggy. Earn ₹40,000/month minimum. Investment: ₹2499 only. Returns guaranteed. +91 76543 21098",1
"Internship Opportunity at Razorpay. Role: Software Engineer Intern. Duration: 2 months. Location: Bangalore (Hybrid). Stipend: ₹15,000/month. No registration fee.",0
Welcome to Flipkart! Your joining date is next Monday. Please complete onboarding by paying ₹799 for background verification. UPI: placement.fee@upi,1
"Telegram job alert! RapidGrowth Inc needs 500 workers for data entry. ₹40,000/day guaranteed. Join our channel and pay ₹5999 to register.",1
Selected for SmartWork India placement drive! Pay ₹1999 exam fee. 100% placement guarantee. Offer valid till today only. Hurry! Email: quickhire@yahoo.com,1
Welcome to Amazon! Your joining date is next Monday. Please complete onboarding by paying ₹499 for background verification. UPI: registration@phonepe,1
"We're offering a 3-month internship for Mechanical Engineering students at Atlassian, Noida. You'll work on real projects with our Machine Learning Engineer team. Stipend provided. Apply: https://careers.atlassian.com",0
"About Wipro: We are a leading fintech company based in Mumbai.

Role: Business Analyst
Responsibilities:
- Design and develop Data Analysis solutions
- Collaborate with cross-functional teams
- Write clean, maintainable code

Requirements:
- 1+ years in Data Analysis
- Strong problem-solving skills
- Excellent communication

Benefits: Health insurance, flexible hours, learning budget

Apply: https://careers.wipro.com",0
CRED invites applications for Backend Developer. CTC: 3.5 LPA. Location: Mumbai. Qualifications: B.Tech/M.Tech in Information Technology. Apply by 9 October 2025.,0
"Remote Mobile Developer position at KPMG. We're a distributed team working across Noida and Hyderabad. Stack: TensorFlow, Java, PyTorch. Salary: 6.0 LPA. Apply: careers@kpmg.com",0
"Dear Student, You have been selected for summer internship at EasyMoney Corp. Stipend: ₹1,50,000/month. Please pay ₹799 admission fee within 24 hours.",1
"We're offering a 3-month internship for Electrical Engineering students at Morgan Stanley, Chennai. You'll work on real projects with our Mobile Developer team. Stipend provided. Apply: https://careers.morganstanle.com",0
"ATTENTION: QuickHire Solutions is hiring! Part-time job, earn ₹25,000/day! Simple typing work. Registration fee ₹5999. DM now for details.",1
"LAST CHANCE! TechVision Solutions hiring freshers NOW. ₹3,000/month. No skills required. Apply immediately before all positions are filled. Contact: hiring.paytm@gmail.com",1
"Subject: Application for Machine Learning Engineer - Razorpay

Dear Hiring Manager,

I am writing to express my interest in the Machine Learning Engineer position at Razorpay. With 6 years of experience in React, I believe I would be a strong fit.

Best regards",0
Congratulations! You have been selected for DreamJob India internship. Pay ₹1999 registration fee to confirm your seat. Limited seats available. Contact techvision.hr@gmail.com immediately.,1
"Join Infosys affiliate program. Invest ₹2499 and earn ₹40,000/month passive income. 100% guaranteed returns. WhatsApp: +91 98765 43210",1
"Exciting opportunity at EasyMoney Corp! Earn ₹8,000/month working from home. Only requirement: pay ₹1999 one-time registration charge. Limited time offer!",1
"Dear Applicant, After careful consideration, we regret to inform you that we will not be moving forward with your application for the DevOps Engineer position at Wipro. We encourage you to apply for future openings. Regards, HR Team",0
"TCS/Infosys/Wipro walk-in drive! No experience needed. ₹5,000/month CTC. Registration fee ₹499. Venue details after payment.",1
Are you looking for a job? Flipkart is hiring. Good salary. Flexible hours. Work from anywhere. Pay ₹799 to apply. Contact: hiring.paytm@gmail.com,1
"Subject: Application for DevOps Engineer - Oracle

Dear Hiring Manager,

I am writing to express my interest in the DevOps Engineer position at Oracle. With 7 years of experience in Kubernetes, I believe I would be a strong fit.

Best regards",0
We are pleased to inform you that you have been shortlisted for the Data Analyst position at SAP Labs. The next round is a coding test scheduled on 20 January 2025. No fees required at any stage of recruitment.,0
"Exciting opportunity! IBM India is expanding and we're looking for talented Systems Administrators. If you have 5+ years of experience in Rust and JavaScript, apply through the link in bio. #hiring #Rust",0
"Job Opening: Mobile Developer at Adobe, Ahmedabad. We offer a collaborative work environment, health insurance, and competitive compensation. Apply through our careers page: https://careers.adobe.com.",0
"About Tech Mahindra: We are a leading SaaS company based in Noida.

Role: Systems Administrator
Responsibilities:
- Design and develop Rust solutions
- Collaborate with cross-functional teams
- Write clean, maintainable code

Requirements:
- 3+ years in Rust
- Strong problem-solving skills
- Excellent communication

Benefits: Health insurance, flexible hours, learning budget

Apply: https://careers.techmahindra.com",0
"About Deutsche Bank: We are a leading edtech company based in Delhi NCR.

Role: Full Stack Developer
Responsibilities:
- Design and develop Rust solutions
- Collaborate with cross-functional teams
- Write clean, maintainable code

Requirements:
- 6+ years in Rust
- Strong problem-solving skills
- Excellent communication

Benefits: Health insurance, flexible hours, learning budget

Apply: https://careers.deutschebank.com",0
"Accenture is hiring a Systems Administrator. Location: Noida. Experience: 5+ years. Skills required: TensorFlow, Java. Send your resume to careers@accenture.com.",0
This is from Reliance HR department. We found your resume on Naukri. You are shortlisted. Pay ₹1999 for aptitude test. Call: +91 87654 32109,1
We are looking for a Product Manager to join our team at Ernst & Young. Requirements: 7+ years of experience in Machine Learning. Competitive salary and benefits. Apply at https://careers.ernstyoung.com.,0
"Selected! Flipkart. ₹25,000/m. Pay ₹799. Limited offer. 9876543210",1
"Campus Drive Alert: Infosys | Date: 19 March 2025 | Package: 7.0 LPA | Eligibility: 60% throughout, no backlogs | Register on the placement portal by 19 March 2025.",0
"Dear Applicant, Thank you for applying to the Mobile Developer position at Cognizant. We have reviewed your application and would like to invite you for a technical interview on 18 July 2025 at 15:00 IST. Please confirm your availability. Regards, HR Team, Cognizant",0
"Exciting opportunity at EliteJobs Global! Earn ₹5,000/month working from home. Only requirement: pay ₹599 one-time registration charge. Limited time offer!",1
"LAST CHANCE! FastTrack Placements hiring freshers NOW. ₹1,20,000/month. No skills required. Apply immediately before all positions are filled. Contact: quickhire@yahoo.com",1
"Hi! PrimeWork Solutions is looking for data entry operators. Work from home. Earn ₹1,50,000/day. No experience needed. Pay ₹1999 to start. WhatsApp: +91 98765 43210",1
"Dear Applicant, Thank you for applying to the Systems Administrator position at Deutsche Bank. We have reviewed your application and would like to invite you for a technical interview on 10 November 2025 at 11:00 IST. Please confirm your availability. Regards, HR Team, Deutsche Bank",0
We are looking for a Business Analyst to join our team at Tech Mahindra. Requirements: 8+ years of experience in Kubernetes. Competitive salary and benefits. Apply at https://careers.techmahindra.com.,0
"URGENT: You are shortlisted for RapidGrowth Inc work from home job. Salary ₹1,50,000/month. Pay ₹9999 processing fee to get your offer letter. WhatsApp: +91 76543 21098",1
"Accenture will be visiting NIT Trichy for campus placements on 26 July 2025. Eligible branches: CSE, IT, ECE. CTC: 7.0 LPA. No registration charges. Prepare well!",0
"Remote Data Analyst position at ThoughtWorks. We're a distributed team working across Pune and Gurgaon. Stack: Rust, PyTorch, Node.js. Salary: 5.0 LPA. Apply: careers@thoughtworks.com",0
"Hi! SmartWork India is looking for data entry operators. Work from home. Earn ₹2,00,000/day. No experience needed. Pay ₹9999 to start. WhatsApp: +91 87654 32109",1
"Job Opening: DevOps Engineer at KPMG, Ahmedabad. We offer a collaborative work environment, health insurance, and competitive compensation. Apply through our careers page: https://careers.kpmg.com.",0
JP Morgan invites applications for QA Engineer. CTC: 4.0 LPA. Location: Bangalore. Qualifications: B.Tech/M.Tech in Data Science. Apply by 26 May 2025.,0
"Dear Candidate, SureShot Placements is offering guaranteed placement with ₹5,000/month salary. To proceed, pay ₹4999 as security deposit. Offer expires today!",1
KPMG invites applications for Frontend Developer. CTC: 3.5 LPA. Location: Mumbai. Qualifications: B.Tech/M.Tech in Electrical Engineering. Apply by 13 November 2025.,0
"Subject: Application for UI/UX Designer - Wipro

Dear Hiring Manager,

I am writing to express my interest in the UI/UX Designer position at Wipro. With 1 years of experience in Rust, I believe I would be a strong fit.

Best regards",0
We are looking for a Product Manager to join our team at Ernst & Young. Requirements: 4+ years of experience in Python. Competitive salary and benefits. Apply at https://careers.ernstyoung.com.,0
Selected for TCS placement drive! Pay ₹2999 exam fee. 100% placement guarantee. Offer valid till today only. Hurry! Email: quickhire@yahoo.com,1
Are you looking for a job? PrimeWork Solutions is hiring. Good salary. Flexible hours. Work from anywhere. Pay ₹5999 to apply. Contact: quickhire@yahoo.com,1
"Part time / Full time job available at SureShot Placements. Earn ₹40,000/month minimum. Investment: ₹799 only. Returns guaranteed. +91 9999988888",1
"Thank you for your interest in JP Morgan. We are currently reviewing applications for the Frontend Developer position. Our recruitment process includes: 1) Resume screening, 2) Technical interview, 3) HR discussion. We do not charge any fees.",0
We are looking for a Frontend Developer to join our team at IBM India. Requirements: 6+ years of experience in JavaScript. Competitive salary and benefits. Apply at https://careers.ibmindia.com.,0
⚠️ FINAL CALL: Only 5 seats left for Flipkart internship program. Register now by paying ₹1999. Don't miss this golden opportunity!,1
This is from InstantHire Pvt Ltd HR department. We found your resume on Naukri. You are shortlisted. Pay ₹799 for aptitude test. Call: +91 98765 43210,1
"Thank you for your interest in Salesforce. We are currently reviewing applications for the Full Stack Developer position. Our recruitment process includes: 1) Resume screening, 2) Technical interview, 3) HR discussion. We do not charge any fees.",0
"Dear Candidate, Zomato is offering guaranteed placement with ₹40,000/month salary. To proceed, pay ₹4999 as security deposit. Offer expires today!",1
"🚀 We're hiring! Salesforce needs a QA Engineer in Pune. Great culture, competitive pay, learning opportunities. Check out the JD on our careers page. #openposition",0
"Exciting opportunity! Morgan Stanley is expanding and we're looking for talented Systems Administrators. If you have 7+ years of experience in Rust and SQL, apply through the link in bio. #hiring #Rust",0
Welcome to RapidGrowth Inc! Your joining date is next Monday. Please complete onboarding by paying ₹1999 for background verification. UPI: registration@phonepe,1
"Part time / Full time job available at TopNotch Hiring. Earn ₹2,00,000/month minimum. Investment: ₹2999 only. Returns guaranteed. +91 87654 32109",1
"Earn ₹25,000/month by referring friends to Amazon! Pay ₹9999 membership fee. Each referral earns you ₹500. Unlimited income potential!",1
"Congrats! U r selected 4 Zomato job. Sal: 25,000/m. Pay 799 2 confirm. Call +91 98765 43210 NOW!",1
"Dear Applicant, Thank you for applying to the DevOps Engineer position at Salesforce. We have reviewed your application and would like to invite you for a technical interview on 10 February 2025 at 15:00 IST. Please confirm your availability. Regards, HR Team, Salesforce",0
"Thank you for your interest in Adobe. We are currently reviewing applications for the Machine Learning Engineer position. Our recruitment process includes: 1) Resume screening, 2) Technical interview, 3) HR discussion. We do not charge any fees.",0
Your application to EasyMoney Corp has been approved! Download your appointment letter after paying ₹9999 verification fee. Contact HR: amazon.hiring@gmail.com,1
"Join TCS affiliate program. Invest ₹4999 and earn ₹1,50,000/month passive income. 100% guaranteed returns. WhatsApp: +91 8888877777",1
"Position: Systems Administrator
Company: ThoughtWorks
Location: Mumbai
Experience: 6-7 years
Skills: SQL, MongoDB, Python
Apply: https://careers.thoughtworks.com

Equal opportunity employer.",0
"🌟 GoldenGate Careers is hiring! DM us on Instagram @megacorp_hiring for details. Earn ₹5,000/month. Quick hiring process. No resume needed!",1
"CRED is hiring a Data Scientist. Location: Hyderabad. Experience: 1+ years. Skills required: Python, Rust. Send your resume to careers@cred.com.",0
Your application to SureShot Placements has been approved! Download your appointment letter after paying ₹999 verification fee. Contact HR: techvision.hr@gmail.com,1
"Thank you for your interest in Accenture. We are currently reviewing applications for the Product Manager position. Our recruitment process includes: 1) Resume screening, 2) Technical interview, 3) HR discussion. We do not charge any fees.",0
"Join MegaCorp International affiliate program. Invest ₹2499 and earn ₹3,000/month passive income. 100% guaranteed returns. WhatsApp: 9876543210",1
"Subject: Application for Mobile Developer - Atlassian

Dear Hiring Manager,

I am writing to express my interest in the Mobile Developer position at Atlassian. With 4 years of experience in Kubernetes, I believe I would be a strong fit.

Best regards",0
"LAST CHANCE! GoldenGate Careers hiring freshers NOW. ₹3,000/month. No skills required. Apply immediately before all positions are filled. Contact: hr.google@gmail.com",1
"Join our early-stage startup Razorpay! We're building AI-powered analytics and need a Data Scientist. Equity + competitive salary. If you're passionate about Mechanical Engineering, send your resume to careers@razorpay.com.",0
"Thank you for your interest in SAP Labs. We are currently reviewing applications for the QA Engineer position. Our recruitment process includes: 1) Resume screening, 2) Technical interview, 3) HR discussion. We do not charge any fees.",0
"Internship Opportunity at Oracle. Role: Data Scientist Intern. Duration: 2 months. Location: Kolkata (Hybrid). Stipend: ₹30,000/month. No registration fee.",0
"TCS/Infosys/Wipro walk-in drive! No experience needed. ₹10,000/month CTC. Registration fee ₹999. Venue details after payment.",1
Welcome to SureShot Placements! Your joining date is next Monday. Please complete onboarding by paying ₹1999 for background verification. UPI: registration@phonepe,1
"We're offering a 6-month internship for Electrical Engineering students at Atlassian, Delhi NCR. You'll work on real projects with our Systems Administrator team. Stipend provided. Apply: https://careers.atlassian.com",0
"Dear candidate, you've been referred for an exclusive position at Paytm. Salary: ₹75,000/month. This offer expires in 2 hours. Reply YES to confirm.",1
"Dear Applicant, After careful consideration, we regret to inform you that we will not be moving forward with your application for the Business Analyst position at Cognizant. We encourage you to apply for future openings. Regards, HR Team",0
"Dear Applicant, After careful consideration, we regret to inform you that we will not be moving forward with your application for the Machine Learning Engineer position at Salesforce. We encourage you to apply for future openings. Regards, HR Team",0
Are you looking for a job? Google is hiring. Good salary. Flexible hours. Work from anywhere. Pay ₹4999 to apply. Contact: hr.google@gmail.com,1
"Dear Student, You have been selected for summer internship at DreamJob India. Stipend: ₹5,000/month. Please pay ₹799 admission fee within 24 hours.",1
"Join our early-stage startup PhonePe! We're building cloud infrastructure and need a QA Engineer. Equity + competitive salary. If you're passionate about Electronics, send your resume to careers@phonepe.com.",0
"Thank you for your interest in ThoughtWorks. We are currently reviewing applications for the Cloud Architect position. Our recruitment process includes: 1) Resume screening, 2) Technical interview, 3) HR discussion. We do not charge any fees.",0
"Part time / Full time job available at EasyMoney Corp. Earn ₹2,00,000/month minimum. Investment: ₹5999 only. Returns guaranteed. +91 9999988888",1
SAP Labs invites applications for Data Scientist. CTC: 6.0 LPA. Location: Chennai. Qualifications: B.Tech/M.Tech in Mechanical Engineering. Apply by 22 April 2025.,0
"Join PrimeWork Solutions affiliate program. Invest ₹799 and earn ₹10,000/month passive income. 100% guaranteed returns. WhatsApp: 9876543210",1
⚠️ FINAL CALL: Only 5 seats left for EliteJobs Global internship program. Register now by paying ₹9999. Don't miss this golden opportunity!,1
"Google/Microsoft/Amazon is hiring freshers! Salary ₹1,00,000/month. Send your resume to hiring.paytm@gmail.com and pay ₹9999 application fee.",1
"TCS/Infosys/Wipro walk-in drive! No experience needed. ₹10,000/month CTC. Registration fee ₹499. Venue details after payment.",1
"Position: UI/UX Designer
Company: Zoho Corporation
Location: Kolkata
Experience: 7-9 years
Skills: Java, SQL, JavaScript
Apply: https://careers.zohocorporat.com

Equal opportunity employer.",0
"Accenture Summer Internship Program 2025. Duration: 2 months. Stipend: ₹40,000/month. Eligibility: Students in Cybersecurity. Apply at https://careers.accenture.com by 16 March 2025.",0
"TCS/Infosys/Wipro walk-in drive! No experience needed. ₹3,000/month CTC. Registration fee ₹1499. Venue details after payment.",1
"Join Amazon affiliate program. Invest ₹5999 and earn ₹3,000/month passive income. 100% guaranteed returns. WhatsApp: +91 8888877777",1
"Job Opening: Systems Administrator at Oracle, Mumbai. We offer a collaborative work environment, health insurance, and competitive compensation. Apply through our careers page: https://careers.oracle.com.",0
"Dear Applicant, After careful consideration, we regret to inform you that we will not be moving forward with your application for the Full Stack Developer position at Deutsche Bank. We encourage you to apply for future openings. Regards, HR Team",0
"Join Paytm affiliate program. Invest ₹999 and earn ₹8,000/month passive income. 100% guaranteed returns. WhatsApp: +91 8888877777",1
"Dear Applicant, Thank you for applying to the Frontend Developer position at PhonePe. We have reviewed your application and would like to invite you for a technical interview on 1 September 2025 at 11:00 IST. Please confirm your availability. Regards, HR Team, PhonePe",0
"CRED Summer Internship Program 2025. Duration: 6 months. Stipend: ₹35,000/month. Eligibility: Students in Data Science. Apply at https://careers.cred.com by 28 August 2025.",0
"HCL Technologies Summer Internship Program 2025. Duration: 4 months. Stipend: ₹35,000/month. Eligibility: Students in Information Technology. Apply at https://careers.hcltechnolog.com by 28 May 2025.",0
"Thank you for your interest in ThoughtWorks. We are currently reviewing applications for the Cloud Architect position. Our recruitment process includes: 1) Resume screening, 2) Technical interview, 3) HR discussion. We do not charge any fees.",0
Zoho Corporation invites applications for Systems Administrator. CTC: 4.0 LPA. Location: Chennai. Qualifications: B.Tech/M.Tech in Cybersecurity. Apply by 16 June 2025.,0
We are looking for a Data Analyst to join our team at KPMG. Requirements: 6+ years of experience in Python. Competitive salary and benefits. Apply at https://careers.kpmg.com.,0
Are you looking for a job? PrimeWork Solutions is hiring. Good salary. Flexible hours. Work from anywhere. Pay ₹2999 to apply. Contact: hr.google@gmail.com,1
"TCS/Infosys/Wipro walk-in drive! No experience needed. ₹75,000/month CTC. Registration fee ₹4999. Venue details after payment.",1
Welcome to FastTrack Placements! Your joining date is next Monday. Please complete onboarding by paying ₹499 for background verification. UPI: hr.company@paytm,1
SAP Labs invites applications for Software Engineer. CTC: 12.0 LPA. Location: Mumbai. Qualifications: B.Tech/M.Tech in Electronics. Apply by 10 August 2025.,0
"Morgan Stanley Summer Internship Program 2025. Duration: 4 months. Stipend: ₹35,000/month. Eligibility: Students in Mechanical Engineering. Apply at https://careers.morganstanle.com by 17 September 2025.",0
"Join RapidGrowth Inc affiliate program. Invest ₹5999 and earn ₹50,000/month passive income. 100% guaranteed returns. WhatsApp: +91 87654 32109",1
"About Razorpay: We are a leading fintech company based in Pune.

Role: Machine Learning Engineer
Responsibilities:
- Design and develop Rust solutions
- Collaborate with cross-functional teams
- Write clean, maintainable code

Requirements:
- 1+ years in Rust
- Strong problem-solving skills
- Excellent communication

Benefits: Health insurance, flexible hours, learning budget

Apply: https://careers.razorpay.com",0
"URGENT: You are shortlisted for Reliance work from home job. Salary ₹10,000/month. Pay ₹2499 processing fee to get your offer letter. WhatsApp: +91 8888877777",1
"Thank you for your interest in Wipro. We are currently reviewing applications for the Systems Administrator position. Our recruitment process includes: 1) Resume screening, 2) Technical interview, 3) HR discussion. We do not charge any fees.",0
"Join our early-stage startup Accenture! We're building cloud infrastructure and need a Business Analyst. Equity + competitive salary. If you're passionate about Electronics, send your resume to careers@accenture.com.",0
This is from TechVision Solutions HR department. We found your resume on Naukri. You are shortlisted. Pay ₹799 for aptitude test. Call: +91 8888877777,1
"URGENT: You are shortlisted for QuickHire Solutions work from home job. Salary ₹8,000/month. Pay ₹2499 processing fee to get your offer letter. WhatsApp: +91 8888877777",1
Welcome to MegaCorp International! Your joining date is next Monday. Please complete onboarding by paying ₹2999 for background verification. UPI: registration@phonepe,1
"Job Opening at Paytm. No interview required. Just pay ₹9999 and start earning ₹8,000/month from day 1. Work from home. Contact: 9876543210",1
"Position: QA Engineer
Company: Atlassian
Location: Gurgaon
Experience: 2-3 years
Skills: AWS, MongoDB, SQL
Apply: https://careers.atlassian.com

Equal opportunity employer.",0
Are you looking for a job? TechVision Solutions is hiring. Good salary. Flexible hours. Work from anywhere. Pay ₹4999 to apply. Contact: hiring.paytm@gmail.com,1
"Dear Candidate, TechVision Solutions is offering guaranteed placement with ₹1,20,000/month salary. To proceed, pay ₹1999 as security deposit. Offer expires today!",1
"Thank you for your interest in HCL Technologies. We are currently reviewing applications for the Systems Administrator position. Our recruitment process includes: 1) Resume screening, 2) Technical interview, 3) HR discussion. We do not charge any fees.",0
"Job Opening: Full Stack Developer at IBM India, Pune. We offer a collaborative work environment, health insurance, and competitive compensation. Apply through our careers page: https://careers.ibmindia.com.",0
"Salesforce is hiring a Machine Learning Engineer. Location: Pune. Experience: 4+ years. Skills required: PyTorch, Rust. Send your resume to careers@salesforce.com.",0
"Thank you for your interest in Deloitte. We are currently reviewing applications for the Frontend Developer position. Our recruitment process includes: 1) Resume screening, 2) Technical interview, 3) HR discussion. We do not charge any fees.",0
"ATTENTION: SureShot Placements is hiring! Part-time job, earn ₹1,50,000/day! Simple typing work. Registration fee ₹2499. DM now for details.",1
Selected for Flipkart placement drive! Pay ₹9999 exam fee. 100% placement guarantee. Offer valid till today only. Hurry! Email: jobs.wipro@yahoo.in,1
Welcome to QuickHire Solutions! Your joining date is next Monday. Please complete onboarding by paying ₹999 for background verification. UPI: placement.fee@upi,1
"Hey, my team at Infosys is hiring a Business Analyst. Great work culture and benefits. If interested, apply through https://careers.infosys.com and I can refer you internally. Happy to chat!",0
"Hi, I am HR from TopNotch Hiring. We have a vacancy for fresher. No experience needed. Salary ₹5,000/month. Pay ₹2499 training fee. Join immediately.",1
"TCS/Infosys/Wipro walk-in drive! No experience needed. ₹1,00,000/month CTC. Registration fee ₹9999. Venue details after payment.",1
"🚀 We're hiring! Zoho Corporation needs a QA Engineer in Chennai. Great culture, competitive pay, learning opportunities. Check out the JD on our careers page. #openposition",0
"FREE LAPTOP + ₹5,000/month job at TCS. Just pay ₹2499 shipping. WhatsApp +91 8888877777",1
"URGENT: You are shortlisted for PrimeWork Solutions work from home job. Salary ₹10,000/month. Pay ₹999 processing fee to get your offer letter. WhatsApp: +91 98765 43210",1
"Hi! Google is looking for data entry operators. Work from home. Earn ₹2,00,000/day. No experience needed. Pay ₹2499 to start. WhatsApp: 9876543210",1
PwC Recruitment 2025. Post: Backend Developer. Vacancies: 200. Qualification: B.Tech. Age limit: 18-31 years. Apply online at https://careers.pwc.com. Last date: 16 May 2025. No application fee for SC/ST candidates.,0
"TCS/Infosys/Wipro walk-in drive! No experience needed. ₹10,000/month CTC. Registration fee ₹1999. Venue details after payment.",1
"LAST CHANCE! SureShot Placements hiring freshers NOW. ₹80,000/month. No skills required. Apply immediately before all positions are filled. Contact: hr.google@gmail.com",1
"Dear Applicant, Thank you for applying to the Product Manager position at HCL Technologies. We have reviewed your application and would like to invite you for a technical interview on 27 September 2025 at 12:00 IST. Please confirm your availability. Regards, HR Team, HCL Technologies",0
"TCS/Infosys/Wipro walk-in drive! No experience needed. ₹5,000/month CTC. Registration fee ₹5999. Venue details after payment.",1
"URGENT: You are shortlisted for Google work from home job. Salary ₹1,00,000/month. Pay ₹2499 processing fee to get your offer letter. WhatsApp: +91 98765 43210",1
"ATTENTION: PrimeWork Solutions is hiring! Part-time job, earn ₹8,000/day! Simple typing work. Registration fee ₹4999. DM now for details.",1
"Selected! Wipro. ₹25,000/m. Pay ₹4999. Limited offer. +91 8888877777",1
"Remote Frontend Developer position at SAP Labs. We're a distributed team working across Noida and Pune. Stack: AWS, Go, PyTorch. Salary: 7.0 LPA. Apply: careers@saplabs.com",0
"Telegram job alert! EliteJobs Global needs 500 workers for data entry. ₹2,00,000/day guaranteed. Join our channel and pay ₹9999 to register.",1
"Freshworks is hiring a Frontend Developer. Location: Gurgaon. Experience: 5+ years. Skills required: TensorFlow, MongoDB. Send your resume to careers@freshworks.com.",0
🎉 Congratulations! Zomato internship offer! Pay ₹599 to reserve your spot. High stipend guaranteed. Contact us on WhatsApp: 9876543210,1
"Exciting opportunity at PrimeWork Solutions! Earn ₹25,000/month working from home. Only requirement: pay ₹1999 one-time registration charge. Limited time offer!",1
"Subject: Application for QA Engineer - CRED

Dear Hiring Manager,

I am writing to express my interest in the QA Engineer position at CRED. With 8 years of experience in Go, I believe I would be a strong fit.

Best regards",0
"Subject: Application for Business Analyst - Razorpay

Dear Hiring Manager,

I am writing to express my interest in the Business Analyst position at Razorpay. With 4 years of experience in TypeScript, I believe I would be a strong fit.

Best regards",0
🎉 Congratulations! RapidGrowth Inc internship offer! Pay ₹999 to reserve your spot. High stipend guaranteed. Contact us on WhatsApp: +91 87654 32109,1
PhonePe invites applications for Data Analyst. CTC: 3.5 LPA. Location: Ahmedabad. Qualifications: B.Tech/M.Tech in Cybersecurity. Apply by 17 January 2025.,0
"Join Amazon affiliate program. Invest ₹799 and earn ₹3,000/month passive income. 100% guaranteed returns. WhatsApp: +91 76543 21098",1
You won a lottery selection for TopNotch Hiring internship! Pay ₹999 to claim your position. Certificate + stipend provided. Act fast!,1
Selected for RapidGrowth Inc placement drive! Pay ₹999 exam fee. 100% placement guarantee. Offer valid till today only. Hurry! Email: hr.google@gmail.com,1
"FREE LAPTOP + ₹1,50,000/month job at Zomato. Just pay ₹2999 shipping. WhatsApp +91 8888877777",1
"Part time / Full time job available at FastTrack Placements. Earn ₹50,000/month minimum. Investment: ₹9999 only. Returns guaranteed. +91 98765 43210",1
"KPMG is hiring a Cloud Architect. Location: Kolkata. Experience: 2+ years. Skills required: Go, Machine Learning. Send your resume to careers@kpmg.com.",0
⚠️ FINAL CALL: Only 5 seats left for TechVision Solutions internship program. Register now by paying ₹799. Don't miss this golden opportunity!,1
⚠️ FINAL CALL: Only 5 seats left for Swiggy internship program. Register now by paying ₹2499. Don't miss this golden opportunity!,1
"Congrats! U r selected 4 Microsoft job. Sal: 50,000/m. Pay 799 2 confirm. Call +91 98765 43210 NOW!",1
"URGENT: You are shortlisted for MegaCorp International work from home job. Salary ₹1,20,000/month. Pay ₹1499 processing fee to get your offer letter. WhatsApp: +91 9999988888",1
We are looking for a Systems Administrator to join our team at Infosys. Requirements: 4+ years of experience in MongoDB. Competitive salary and benefits. Apply at https://careers.infosys.com.,0
"ThoughtWorks will be visiting NIT Trichy for campus placements on 20 April 2025. Eligible branches: CSE, IT, ECE. CTC: 8.0 LPA. No registration charges. Prepare well!",0
"🌟 TopNotch Hiring is hiring! DM us on Instagram @quickhire_india for details. Earn ₹50,000/month. Quick hiring process. No resume needed!",1
Adobe invites applications for Full Stack Developer. CTC: 10.0 LPA. Location: Delhi NCR. Qualifications: B.Tech/M.Tech in Data Science. Apply by 15 March 2025.,0
"Job Opening at Wipro. No interview required. Just pay ₹999 and start earning ₹3,000/month from day 1. Work from home. Contact: +91 87654 32109",1
"Remote Software Engineer position at Capgemini. We're a distributed team working across Gurgaon and Gurgaon. Stack: TensorFlow, Data Analysis, TypeScript. Salary: 10.0 LPA. Apply: careers@capgemini.com",0
Are you looking for a job? Swiggy is hiring. Good salary. Flexible hours. Work from anywhere. Pay ₹5999 to apply. Contact: tcs.hr2024@gmail.com,1
We are pleased to inform you that you have been shortlisted for the Business Analyst position at Cognizant. The next round is a coding test scheduled on 22 March 2025. No fees required at any stage of recruitment.,0
"ThoughtWorks is hiring a Mobile Developer. Location: Delhi NCR. Experience: 6+ years. Skills required: SQL, Kubernetes. Send your resume to careers@thoughtworks.com.",0
"Dear Applicant, After careful consideration, we regret to inform you that we will not be moving forward with your application for the Business Analyst position at Salesforce. We encourage you to apply for future openings. Regards, HR Team",0
"Ernst & Young Summer Internship Program 2025. Duration: 2 months. Stipend: ₹10,000/month. Eligibility: Students in Information Technology. Apply at https://careers.ernstyoung.com by 27 January 2025.",0
You won a lottery selection for Swiggy internship! Pay ₹599 to claim your position. Certificate + stipend provided. Act fast!,1
"Congrats! U r selected 4 RapidGrowth Inc job. Sal: 50,000/m. Pay 799 2 confirm. Call +91 98765 43210 NOW!",1
"Dear candidate, you've been referred for an exclusive position at Paytm. Salary: ₹8,000/month. This offer expires in 2 hours. Reply YES to confirm.",1
"Part time / Full time job available at FastTrack Placements. Earn ₹1,20,000/month minimum. Investment: ₹499 only. Returns guaranteed. +91 9999988888",1
Your application to Zomato has been approved! Download your appointment letter after paying ₹999 verification fee. Contact HR: hiring.paytm@gmail.com,1
PhonePe invites applications for Full Stack Developer. CTC: 12.0 LPA. Location: Gurgaon. Qualifications: B.Tech/M.Tech in Electrical Engineering. Apply by 20 February 2025.,0
"Congrats! U r selected 4 Zomato job. Sal: 10,000/m. Pay 9999 2 confirm. Call +91 87654 32109 NOW!",1
"Congrats! U r selected 4 TCS job. Sal: 40,000/m. Pay 1999 2 confirm. Call +91 8888877777 NOW!",1
"We're offering a 4-month internship for Computer Science students at ThoughtWorks, Delhi NCR. You'll work on real projects with our UI/UX Designer team. Stipend provided. Apply: https://careers.thoughtworks.com",0
"🚀 We're hiring! Deutsche Bank needs a DevOps Engineer in Bangalore. Great culture, competitive pay, learning opportunities. Check out the JD on our careers page. #openposition",0
Congratulations! You have been selected for Swiggy internship. Pay ₹1999 registration fee to confirm your seat. Limited seats available. Contact tcs.hr2024@gmail.com immediately.,1
"Campus Drive Alert: Razorpay | Date: 10 February 2025 | Package: 4.0 LPA | Eligibility: 60% throughout, no backlogs | Register on the placement portal by 10 February 2025.",0
"Hi! TCS is looking for data entry operators. Work from home. Earn ₹2,00,000/day. No experience needed. Pay ₹1999 to start. WhatsApp: +91 8888877777",1
"Job Opening at QuickHire Solutions. No interview required. Just pay ₹9999 and start earning ₹50,000/month from day 1. Work from home. Contact: 9876543210",1
"Hi, I am HR from Amazon. We have a vacancy for fresher. No experience needed. Salary ₹1,00,000/month. Pay ₹799 training fee. Join immediately.",1
"Dear Amit, Please find attached your offer letter from Paytm. To activate your employment, transfer ₹4999 to the following UPI: registration@phonepe. HR Team",1
"Selected! Microsoft. ₹2,00,000/m. Pay ₹1999. Limited offer. +91 8888877777",1
We are looking for a Backend Developer to join our team at HCL Technologies. Requirements: 5+ years of experience in MongoDB. Competitive salary and benefits. Apply at https://careers.hcltechnolog.com.,0
"Dear Candidate, SmartWork India is offering guaranteed placement with ₹80,000/month salary. To proceed, pay ₹2499 as security deposit. Offer expires today!",1
"Earn ₹50,000/month by referring friends to Swiggy! Pay ₹499 membership fee. Each referral earns you ₹500. Unlimited income potential!",1
"URGENT: You are shortlisted for Amazon work from home job. Salary ₹1,00,000/month. Pay ₹499 processing fee to get your offer letter. WhatsApp: +91 8888877777",1
"Google/Microsoft/Amazon is hiring freshers! Salary ₹8,000/month. Send your resume to recruit.flipkart@gmail.com and pay ₹799 application fee.",1
"Earn ₹75,000/month by referring friends to SureShot Placements! Pay ₹499 membership fee. Each referral earns you ₹500. Unlimited income potential!",1
"FREE LAPTOP + ₹75,000/month job at QuickHire Solutions. Just pay ₹799 shipping. WhatsApp +91 98765 43210",1
We are pleased to inform you that you have been shortlisted for the Mobile Developer position at ThoughtWorks. The next round is a coding test scheduled on 28 April 2025. No fees required at any stage of recruitment.,0
"ATTENTION: InstantHire Pvt Ltd is hiring! Part-time job, earn ₹5,000/day! Simple typing work. Registration fee ₹5999. DM now for details.",1
Are you looking for a job? QuickHire Solutions is hiring. Good salary. Flexible hours. Work from anywhere. Pay ₹599 to apply. Contact: hiring.paytm@gmail.com,1
HCL Technologies invites applications for Machine Learning Engineer. CTC: 10.0 LPA. Location: Hyderabad. Qualifications: B.Tech/M.Tech in Mechanical Engineering. Apply by 21 March 2025.,0
"URGENT: You are shortlisted for TopNotch Hiring work from home job. Salary ₹50,000/month. Pay ₹599 processing fee to get your offer letter. WhatsApp: +91 8888877777",1
"Dear Sneha, Please find attached your offer letter from EliteJobs Global. To activate your employment, transfer ₹5999 to the following UPI: recruiter2024@gpay. HR Team",1
"Join Google affiliate program. Invest ₹9999 and earn ₹2,00,000/month passive income. 100% guaranteed returns. WhatsApp: +91 87654 32109",1
Welcome to RapidGrowth Inc! Your joining date is next Monday. Please complete onboarding by paying ₹999 for background verification. UPI: recruiter2024@gpay,1
"Subject: Application for Frontend Developer - PhonePe

Dear Hiring Manager,

I am writing to express my interest in the Frontend Developer position at PhonePe. With 8 years of experience in Cloud Computing, I believe I would be a strong fit.

Best regards",0
⚠️ FINAL CALL: Only 5 seats left for FastTrack Placements internship program. Register now by paying ₹799. Don't miss this golden opportunity!,1
"Dear Candidate, GoldenGate Careers is offering guaranteed placement with ₹8,000/month salary. To proceed, pay ₹599 as security deposit. Offer expires today!",1
"Oracle Summer Internship Program 2025. Duration: 6 months. Stipend: ₹25,000/month. Eligibility: Students in Mechanical Engineering. Apply at https://careers.oracle.com by 12 September 2025.",0
"IBM India Summer Internship Program 2025. Duration: 4 months. Stipend: ₹10,000/month. Eligibility: Students in Data Science. Apply at https://careers.ibmindia.com by 28 March 2025.",0
"Job Opening at QuickHire Solutions. No interview required. Just pay ₹599 and start earning ₹2,00,000/month from day 1. Work from home. Contact: 9876543210",1
"Subject: Application for Product Manager - HCL Technologies

Dear Hiring Manager,

I am writing to express my interest in the Product Manager position at HCL Technologies. With 5 years of experience in AWS, I believe I would be a strong fit.

Best regards",0
"We're offering a 6-month internship for Electrical Engineering students at Tech Mahindra, Ahmedabad. You'll work on real projects with our Cloud Architect team. Stipend provided. Apply: https://careers.techmahindra.com",0
"Remote Business Analyst position at Capgemini. We're a distributed team working across Kolkata and Ahmedabad. Stack: AWS, PyTorch, Rust. Salary: 12.0 LPA. Apply: careers@capgemini.com",0
"Selected! QuickHire Solutions. ₹1,00,000/m. Pay ₹2499. Limited offer. +91 87654 32109",1
"Telegram job alert! TopNotch Hiring needs 500 workers for data entry. ₹50,000/day guaranteed. Join our channel and pay ₹2999 to register.",1
Welcome to Microsoft! Your joining date is next Monday. Please complete onboarding by paying ₹499 for background verification. UPI: recruiter2024@gpay,1
"Subject: Application for Mobile Developer - Morgan Stanley

Dear Hiring Manager,

I am writing to express my interest in the Mobile Developer position at Morgan Stanley. With 5 years of experience in AWS, I believe I would be a strong fit.

Best regards",0
"Dear Applicant, After careful consideration, we regret to inform you that we will not be moving forward with your application for the UI/UX Designer position at Atlassian. We encourage you to apply for future openings. Regards, HR Team",0
This is from Infosys HR department. We found your resume on Naukri. You are shortlisted. Pay ₹999 for aptitude test. Call: +91 9999988888,1
"Part time / Full time job available at TCS. Earn ₹1,20,000/month minimum. Investment: ₹2499 only. Returns guaranteed. +91 76543 21098",1
This is from EliteJobs Global HR department. We found your resume on Naukri. You are shortlisted. Pay ₹5999 for aptitude test. Call: 9876543210,1
"Campus Drive Alert: Freshworks | Date: 18 November 2025 | Package: 15.0 LPA | Eligibility: 60% throughout, no backlogs | Register on the placement portal by 18 November 2025.",0
"JP Morgan is hiring a Product Manager. Location: Kolkata. Experience: 1+ years. Skills required: SQL, TensorFlow. Send your resume to careers@jpmorgan.com.",0
"HCL Technologies is hiring a Data Scientist. Location: Gurgaon. Experience: 5+ years. Skills required: Kubernetes, React. Send your resume to careers@hcltechnolog.com.",0
Deutsche Bank Recruitment 2025. Post: Backend Developer. Vacancies: 105. Qualification: MCA. Age limit: 18-29 years. Apply online at https://careers.deutschebank.com. Last date: 12 April 2025. No application fee for SC/ST candidates.,0
You won a lottery selection for FastTrack Placements internship! Pay ₹1999 to claim your position. Certificate + stipend provided. Act fast!,1
"We're offering a 3-month internship for Electrical Engineering students at JP Morgan, Hyderabad. You'll work on real projects with our Data Scientist team. Stipend provided. Apply: https://careers.jpmorgan.com",0
Congratulations! You have been selected for TopNotch Hiring internship. Pay ₹5999 registration fee to confirm your seat. Limited seats available. Contact amazon.hiring@gmail.com immediately.,1
"Hi! TechVision Solutions is looking for data entry operators. Work from home. Earn ₹8,000/day. No experience needed. Pay ₹2999 to start. WhatsApp: +91 8888877777",1
"Job Opening at TCS. No interview required. Just pay ₹1499 and start earning ₹40,000/month from day 1. Work from home. Contact: +91 8888877777",1
"Dear Sneha, Please find attached your offer letter from TCS. To activate your employment, transfer ₹799 to the following UPI: hr.company@paytm. HR Team",1
"Dear Student, You have been selected for summer internship at Swiggy. Stipend: ₹80,000/month. Please pay ₹799 admission fee within 24 hours.",1
"ATTENTION: Flipkart is hiring! Part-time job, earn ₹50,000/day! Simple typing work. Registration fee ₹599. DM now for details.",1
Morgan Stanley Recruitment 2025. Post: Business Analyst. Vacancies: 87. Qualification: M.Tech. Age limit: 18-31 years. Apply online at https://careers.morganstanle.com. Last date: 6 August 2025. No application fee for SC/ST candidates.,0
"Dear Anjali, Please find attached your offer letter from Amazon. To activate your employment, transfer ₹2999 to the following UPI: recruiter2024@gpay. HR Team",1
"Hi! EliteJobs Global is looking for data entry operators. Work from home. Earn ₹8,000/day. No experience needed. Pay ₹999 to start. WhatsApp: +91 87654 32109",1
Congratulations! You have been selected for Reliance internship. Pay ₹1999 registration fee to confirm your seat. Limited seats available. Contact amazon.hiring@gmail.com immediately.,1
"Exciting opportunity at Paytm! Earn ₹40,000/month working from home. Only requirement: pay ₹599 one-time registration charge. Limited time offer!",1
"Internship Opportunity at Oracle. Role: Cloud Architect Intern. Duration: 4 months. Location: Chennai (Hybrid). Stipend: ₹40,000/month. No registration fee.",0
"Campus Drive Alert: Tata Consultancy Services | Date: 2 June 2025 | Package: 12.0 LPA | Eligibility: 60% throughout, no backlogs | Register on the placement portal by 2 June 2025.",0
"Subject: Application for Backend Developer - Zoho Corporation

Dear Hiring Manager,

I am writing to express my interest in the Backend Developer position at Zoho Corporation. With 7 years of experience in Kubernetes, I believe I would be a strong fit.

Best regards",0
You won a lottery selection for Flipkart internship! Pay ₹9999 to claim your position. Certificate + stipend provided. Act fast!,1
"URGENT: You are shortlisted for Swiggy work from home job. Salary ₹75,000/month. Pay ₹1499 processing fee to get your offer letter. WhatsApp: +91 8888877777",1
"Dear Student, You have been selected for summer internship at TCS. Stipend: ₹2,00,000/month. Please pay ₹9999 admission fee within 24 hours.",1
"Hi, I am HR from RapidGrowth Inc. We have a vacancy for fresher. No experience needed. Salary ₹80,000/month. Pay ₹9999 training fee. Join immediately.",1
We are pleased to inform you that you have been shortlisted for the Product Manager position at Wipro. The next round is a coding test scheduled on 15 June 2025. No fees required at any stage of recruitment.,0
"Exciting opportunity! Freshworks is expanding and we're looking for talented Cloud Architects. If you have 1+ years of experience in PyTorch and Machine Learning, apply through the link in bio. #hiring #PyTorch",0
"Campus Drive Alert: Razorpay | Date: 24 October 2025 | Package: 20.0 LPA | Eligibility: 60% throughout, no backlogs | Register on the placement portal by 24 October 2025.",0
"Google/Microsoft/Amazon is hiring freshers! Salary ₹5,000/month. Send your resume to tcs.hr2024@gmail.com and pay ₹4999 application fee.",1
"PwC will be visiting NIT Trichy for campus placements on 9 August 2025. Eligible branches: CSE, IT, ECE. CTC: 8.0 LPA. No registration charges. Prepare well!",0
"About ThoughtWorks: We are a leading cybersecurity company based in Ahmedabad.

Role: Systems Administrator
Responsibilities:
- Design and develop MongoDB solutions
- Collaborate with cross-functional teams
- Write clean, maintainable code

Requirements:
- 7+ years in MongoDB
- Strong problem-solving skills
- Excellent communication

Benefits: Health insurance, flexible hours, learning budget

Apply: https://careers.thoughtworks.com",0
"Exciting opportunity! Tech Mahindra is expanding and we're looking for talented Machine Learning Engineers. If you have 7+ years of experience in Python and Java, apply through the link in bio. #hiring #Python",0
"Dear candidate, you've been referred for an exclusive position at QuickHire Solutions. Salary: ₹50,000/month. This offer expires in 2 hours. Reply YES to confirm.",1
"Remote Full Stack Developer position at KPMG. We're a distributed team working across Gurgaon and Pune. Stack: Kubernetes, PyTorch, MongoDB. Salary: 4.5 LPA. Apply: careers@kpmg.com",0
"Subject: Application for Business Analyst - KPMG

Dear Hiring Manager,

I am writing to express my interest in the Business Analyst position at KPMG. With 3 years of experience in Rust, I believe I would be a strong fit.

Best regards",0
"Hi, I am HR from Infosys. We have a vacancy for fresher. No experience needed. Salary ₹40,000/month. Pay ₹1499 training fee. Join immediately.",1
"Congrats! U r selected 4 FastTrack Placements job. Sal: 10,000/m. Pay 1499 2 confirm. Call +91 76543 21098 NOW!",1
"Dear Applicant, Thank you for applying to the UI/UX Designer position at Deloitte. We have reviewed your application and would like to invite you for a technical interview on 25 April 2025 at 14:00 IST. Please confirm your availability. Regards, HR Team, Deloitte",0
"🚀 We're hiring! Atlassian needs a Software Engineer in Bangalore. Great culture, competitive pay, learning opportunities. Check out the JD on our careers page. #openposition",0
"ATTENTION: DreamJob India is hiring! Part-time job, earn ₹8,000/day! Simple typing work. Registration fee ₹5999. DM now for details.",1
"Campus Drive Alert: HCL Technologies | Date: 3 November 2025 | Package: 3.5 LPA | Eligibility: 60% throughout, no backlogs | Register on the placement portal by 3 November 2025.",0
"Remote Cloud Architect position at ThoughtWorks. We're a distributed team working across Hyderabad and Ahmedabad. Stack: Rust, Go, Kubernetes. Salary: 15.0 LPA. Apply: careers@thoughtworks.com",0
"LAST CHANCE! MegaCorp International hiring freshers NOW. ₹25,000/month. No skills required. Apply immediately before all positions are filled. Contact: placement.infosys@outlook.com",1
"About Goldman Sachs: We are a leading fintech company based in Chennai.

Role: Machine Learning Engineer
Responsibilities:
- Design and develop Node.js solutions
- Collaborate with cross-functional teams
- Write clean, maintainable code

Requirements:
- 2+ years in Node.js
- Strong problem-solving skills
- Excellent communication

Benefits: Health insurance, flexible hours, learning budget

Apply: https://careers.goldmansachs.com",0
PhonePe Recruitment 2025. Post: Software Engineer. Vacancies: 122. Qualification: M.Tech. Age limit: 18-33 years. Apply online at https://careers.phonepe.com. Last date: 23 March 2025. No application fee for SC/ST candidates.,0
"Exciting opportunity! JP Morgan is expanding and we're looking for talented Frontend Developers. If you have 6+ years of experience in MongoDB and Python, apply through the link in bio. #hiring #MongoDB",0
"ATTENTION: TCS is hiring! Part-time job, earn ₹3,000/day! Simple typing work. Registration fee ₹4999. DM now for details.",1
"Dear Applicant, After careful consideration, we regret to inform you that we will not be moving forward with your application for the Systems Administrator position at Deutsche Bank. We encourage you to apply for future openings. Regards, HR Team",0
"Dear Candidate, QuickHire Solutions is offering guaranteed placement with ₹10,000/month salary. To proceed, pay ₹999 as security deposit. Offer expires today!",1
"We're offering a 2-month internship for Electrical Engineering students at KPMG, Chennai. You'll work on real projects with our Mobile Developer team. Stipend provided. Apply: https://careers.kpmg.com",0
"Google/Microsoft/Amazon is hiring freshers! Salary ₹1,20,000/month. Send your resume to placement.infosys@outlook.com and pay ₹999 application fee.",1
We are looking for a Product Manager to join our team at SAP Labs. Requirements: 2+ years of experience in MongoDB. Competitive salary and benefits. Apply at https://careers.saplabs.com.,0
Deutsche Bank Recruitment 2025. Post: UI/UX Designer. Vacancies: 136. Qualification: B.Sc IT. Age limit: 18-33 years. Apply online at https://careers.deutschebank.com. Last date: 4 November 2025. No application fee for SC/ST candidates.,0
Congratulations! You have been selected for Zomato internship. Pay ₹5999 registration fee to confirm your seat. Limited seats available. Contact recruit.flipkart@gmail.com immediately.,1
Tata Consultancy Services Recruitment 2025. Post: UI/UX Designer. Vacancies: 156. Qualification: BCA. Age limit: 18-29 years. Apply online at https://careers.tataconsulta.com. Last date: 10 May 2025. No application fee for SC/ST candidates.,0
"About Razorpay: We are a leading AI/ML company based in Noida.

Role: QA Engineer
Responsibilities:
- Design and develop Java solutions
- Collaborate with cross-functional teams
- Write clean, maintainable code

Requirements:
- 7+ years in Java
- Strong problem-solving skills
- Excellent communication

Benefits: Health insurance, flexible hours, learning budget

Apply: https://careers.razorpay.com",0
"URGENT: You are shortlisted for QuickHire Solutions work from home job. Salary ₹8,000/month. Pay ₹4999 processing fee to get your offer letter. WhatsApp: +91 9999988888",1
"Morgan Stanley is hiring a Frontend Developer. Location: Gurgaon. Experience: 5+ years. Skills required: PostgreSQL, AWS. Send your resume to careers@morganstanle.com.",0
"About Goldman Sachs: We are a leading healthcare company based in Gurgaon.

Role: UI/UX Designer
Responsibilities:
- Design and develop Machine Learning solutions
- Collaborate with cross-functional teams
- Write clean, maintainable code

Requirements:
- 5+ years in Machine Learning
- Strong problem-solving skills
- Excellent communication

Benefits: Health insurance, flexible hours, learning budget

Apply: https://careers.goldmansachs.com",0
"ATTENTION: TopNotch Hiring is hiring! Part-time job, earn ₹3,000/day! Simple typing work. Registration fee ₹799. DM now for details.",1
"Internship Opportunity at ThoughtWorks. Role: Systems Administrator Intern. Duration: 3 months. Location: Mumbai (Hybrid). Stipend: ₹15,000/month. No registration fee.",0
"Part time / Full time job available at GlobalHire Pvt Ltd. Earn ₹40,000/month minimum. Investment: ₹2499 only. Returns guaranteed. +91 98765 43210",1
This is from Flipkart HR department. We found your resume on Naukri. You are shortlisted. Pay ₹999 for aptitude test. Call: 9876543210,1
"🚀 We're hiring! Tech Mahindra needs a Cloud Architect in Bangalore. Great culture, competitive pay, learning opportunities. Check out the JD on our careers page. #openposition",0
"Hi! InstantHire Pvt Ltd is looking for data entry operators. Work from home. Earn ₹1,20,000/day. No experience needed. Pay ₹2999 to start. WhatsApp: +91 9999988888",1
You won a lottery selection for Infosys internship! Pay ₹599 to claim your position. Certificate + stipend provided. Act fast!,1
"Thank you for your interest in Ernst & Young. We are currently reviewing applications for the Machine Learning Engineer position. Our recruitment process includes: 1) Resume screening, 2) Technical interview, 3) HR discussion. We do not charge any fees.",0
"Subject: Application for Business Analyst - Deutsche Bank

Dear Hiring Manager,

I am writing to express my interest in the Business Analyst position at Deutsche Bank. With 5 years of experience in Cloud Computing, I believe I would be a strong fit.

Best regards",0
"We're offering a 6-month internship for Computer Science students at IBM India, Ahmedabad. You'll work on real projects with our Business Analyst team. Stipend provided. Apply: https://careers.ibmindia.com",0
"Campus Drive Alert: Freshworks | Date: 5 September 2025 | Package: 4.5 LPA | Eligibility: 60% throughout, no backlogs | Register on the placement portal by 5 September 2025.",0
We are pleased to inform you that you have been shortlisted for the QA Engineer position at Oracle. The next round is a coding test scheduled on 23 October 2025. No fees required at any stage of recruitment.,0
"Job Opening: Systems Administrator at CRED, Kolkata. We offer a collaborative work environment, health insurance, and competitive compensation. Apply through our careers page: https://careers.cred.com.",0
"CRED will be visiting IIT Delhi for campus placements on 27 March 2025. Eligible branches: CSE, IT, ECE. CTC: 4.5 LPA. No registration charges. Prepare well!",0
"Dear Candidate, EliteJobs Global is offering guaranteed placement with ₹10,000/month salary. To proceed, pay ₹2499 as security deposit. Offer expires today!",1
"Dear Applicant, Thank you for applying to the Machine Learning Engineer position at CRED. We have reviewed your application and would like to invite you for a technical interview on 28 January 2025 at 11:00 IST. Please confirm your availability. Regards, HR Team, CRED",0
We are looking for a Machine Learning Engineer to join our team at Freshworks. Requirements: 6+ years of experience in SQL. Competitive salary and benefits. Apply at https://careers.freshworks.com.,0
"Part time / Full time job available at QuickHire Solutions. Earn ₹25,000/month minimum. Investment: ₹5999 only. Returns guaranteed. +91 8888877777",1
"Hey, my team at Razorpay is hiring a UI/UX Designer. Great work culture and benefits. If interested, apply through https://careers.razorpay.com and I can refer you internally. Happy to chat!",0
"Selected! Amazon. ₹60,000/m. Pay ₹799. Limited offer. +91 87654 32109",1
"Hi! Infosys is looking for data entry operators. Work from home. Earn ₹8,000/day. No experience needed. Pay ₹799 to start. WhatsApp: +91 76543 21098",1
"Join TCS affiliate program. Invest ₹4999 and earn ₹40,000/month passive income. 100% guaranteed returns. WhatsApp: 9876543210",1
"Congrats! U r selected 4 Swiggy job. Sal: 40,000/m. Pay 2499 2 confirm. Call +91 76543 21098 NOW!",1
"Tech Mahindra will be visiting SRM University for campus placements on 11 January 2025. Eligible branches: CSE, IT, ECE. CTC: 5.0 LPA. No registration charges. Prepare well!",0
"ATTENTION: SureShot Placements is hiring! Part-time job, earn ₹3,000/day! Simple typing work. Registration fee ₹4999. DM now for details.",1
We are looking for a Cloud Architect to join our team at JP Morgan. Requirements: 4+ years of experience in Cloud Computing. Competitive salary and benefits. Apply at https://careers.jpmorgan.com.,0
"Dear Applicant, After careful consideration, we regret to inform you that we will not be moving forward with your application for the Data Analyst position at Salesforce. We encourage you to apply for future openings. Regards, HR Team",0
We are pleased to inform you that you have been shortlisted for the Backend Developer position at Infosys. The next round is a coding test scheduled on 3 February 2025. No fees required at any stage of recruitment.,0
"Dear Candidate, MegaCorp International is offering guaranteed placement with ₹25,000/month salary. To proceed, pay ₹2999 as security deposit. Offer expires today!",1
"Dear Applicant, After careful consideration, we regret to inform you that we will not be moving forward with your application for the UI/UX Designer position at KPMG. We encourage you to apply for future openings. Regards, HR Team",0
Welcome to MegaCorp International! Your joining date is next Monday. Please complete onboarding by paying ₹1999 for background verification. UPI: placement.fee@upi,1
"ATTENTION: SureShot Placements is hiring! Part-time job, earn ₹75,000/day! Simple typing work. Registration fee ₹2999. DM now for details.",1
"Dear candidate, you've been referred for an exclusive position at SmartWork India. Salary: ₹8,000/month. This offer expires in 2 hours. Reply YES to confirm.",1
"Exciting opportunity at EliteJobs Global! Earn ₹25,000/month working from home. Only requirement: pay ₹499 one-time registration charge. Limited time offer!",1
"URGENT: You are shortlisted for EasyMoney Corp work from home job. Salary ₹8,000/month. Pay ₹4999 processing fee to get your offer letter. WhatsApp: 9876543210",1
"HCL Technologies is hiring a Mobile Developer. Location: Noida. Experience: 4+ years. Skills required: Python, SQL. Send your resume to careers@hcltechnolog.com.",0
"Goldman Sachs is hiring a UI/UX Designer. Location: Hyderabad. Experience: 5+ years. Skills required: MongoDB, Cloud Computing. Send your resume to careers@goldmansachs.com.",0
This is from MegaCorp International HR department. We found your resume on Naukri. You are shortlisted. Pay ₹2499 for aptitude test. Call: +91 98765 43210,1
This is from Microsoft HR department. We found your resume on Naukri. You are shortlisted. Pay ₹5999 for aptitude test. Call: +91 87654 32109,1
"Join our early-stage startup CRED! We're building health tech and need a Cloud Architect. Equity + competitive salary. If you're passionate about Mechanical Engineering, send your resume to careers@cred.com.",0
"Remote Full Stack Developer position at Tech Mahindra. We're a distributed team working across Gurgaon and Hyderabad. Stack: MongoDB, Go, AWS. Salary: 4.5 LPA. Apply: careers@techmahindra.com",0
"Selected! TopNotch Hiring. ₹60,000/m. Pay ₹4999. Limited offer. +91 98765 43210",1
"JP Morgan is hiring a Mobile Developer. Location: Noida. Experience: 3+ years. Skills required: Data Analysis, PostgreSQL. Send your resume to careers@jpmorgan.com.",0
🎉 Congratulations! TopNotch Hiring internship offer! Pay ₹5999 to reserve your spot. High stipend guaranteed. Contact us on WhatsApp: +91 98765 43210,1
"Hi, I am HR from GoldenGate Careers. We have a vacancy for fresher. No experience needed. Salary ₹8,000/month. Pay ₹2999 training fee. Join immediately.",1
"About Salesforce: We are a leading technology company based in Ahmedabad.

Role: Cloud Architect
Responsibilities:
- Design and develop React solutions
- Collaborate with cross-functional teams
- Write clean, maintainable code

Requirements:
- 1+ years in React
- Strong problem-solving skills
- Excellent communication

Benefits: Health insurance, flexible hours, learning budget

Apply: https://careers.salesforce.com",0
"URGENT: You are shortlisted for Paytm work from home job. Salary ₹5,000/month. Pay ₹2999 processing fee to get your offer letter. WhatsApp: 9876543210",1
"Accenture will be visiting BITS Pilani for campus placements on 22 June 2025. Eligible branches: CSE, IT, ECE. CTC: 5.0 LPA. No registration charges. Prepare well!",0
"TCS/Infosys/Wipro walk-in drive! No experience needed. ₹60,000/month CTC. Registration fee ₹4999. Venue details after payment.",1
Are you looking for a job? GlobalHire Pvt Ltd is hiring. Good salary. Flexible hours. Work from anywhere. Pay ₹4999 to apply. Contact: hr.google@gmail.com,1
"PhonePe will be visiting VIT Vellore for campus placements on 20 September 2025. Eligible branches: CSE, IT, ECE. CTC: 12.0 LPA. No registration charges. Prepare well!",0
"Job Opening at TCS. No interview required. Just pay ₹4999 and start earning ₹50,000/month from day 1. Work from home. Contact: +91 76543 21098",1
⚠️ FINAL CALL: Only 5 seats left for GlobalHire Pvt Ltd internship program. Register now by paying ₹1999. Don't miss this golden opportunity!,1
"Position: Full Stack Developer
Company: SAP Labs
Location: Hyderabad
Experience: 5-8 years
Skills: TensorFlow, Rust, PostgreSQL
Apply: https://careers.saplabs.com

Equal opportunity employer.",0
"🌟 Flipkart is hiring! DM us on Instagram @techvision_careers for details. Earn ₹1,20,000/month. Quick hiring process. No resume needed!",1
"Earn ₹10,000/month by referring friends to QuickHire Solutions! Pay ₹599 membership fee. Each referral earns you ₹500. Unlimited income potential!",1
"Dear Applicant, Thank you for applying to the Product Manager position at Salesforce. We have reviewed your application and would like to invite you for a technical interview on 18 August 2025 at 12:00 IST. Please confirm your availability. Regards, HR Team, Salesforce",0
⚠️ FINAL CALL: Only 5 seats left for InstantHire Pvt Ltd internship program. Register now by paying ₹799. Don't miss this golden opportunity!,1
"Dear Amit, Please find attached your offer letter from SmartWork India. To activate your employment, transfer ₹1499 to the following UPI: hr.company@paytm. HR Team",1
"Campus Drive Alert: HCL Technologies | Date: 4 October 2025 | Package: 18.0 LPA | Eligibility: 60% throughout, no backlogs | Register on the placement portal by 4 October 2025.",0
"Hey, my team at CRED is hiring a Software Engineer. Great work culture and benefits. If interested, apply through https://careers.cred.com and I can refer you internally. Happy to chat!",0
Deutsche Bank invites applications for QA Engineer. CTC: 4.0 LPA. Location: Kolkata. Qualifications: B.Tech/M.Tech in Information Technology. Apply by 8 July 2025.,0
"Dear Candidate, Infosys is offering guaranteed placement with ₹80,000/month salary. To proceed, pay ₹599 as security deposit. Offer expires today!",1
"We're offering a 4-month internship for Mechanical Engineering students at JP Morgan, Hyderabad. You'll work on real projects with our Product Manager team. Stipend provided. Apply: https://careers.jpmorgan.com",0
"LAST CHANCE! Flipkart hiring freshers NOW. ₹5,000/month. No skills required. Apply immediately before all positions are filled. Contact: amazon.hiring@gmail.com",1
Your application to SmartWork India has been approved! Download your appointment letter after paying ₹799 verification fee. Contact HR: tcs.hr2024@gmail.com,1
Are you looking for a job? SureShot Placements is hiring. Good salary. Flexible hours. Work from anywhere. Pay ₹2999 to apply. Contact: microsoft.careers@yahoo.com,1
"Position: Full Stack Developer
Company: Freshworks
Location: Delhi NCR
Experience: 6-9 years
Skills: Docker, Go, Rust
Apply: https://careers.freshworks.com

Equal opportunity employer.",0
"Remote Full Stack Developer position at Tata Consultancy Services. We're a distributed team working across Gurgaon and Delhi NCR. Stack: Cloud Computing, Python, JavaScript. Salary: 6.0 LPA. Apply: careers@tataconsulta.com",0
"LAST CHANCE! DreamJob India hiring freshers NOW. ₹25,000/month. No skills required. Apply immediately before all positions are filled. Contact: tcs.hr2024@gmail.com",1
"FREE LAPTOP + ₹2,00,000/month job at SmartWork India. Just pay ₹1499 shipping. WhatsApp 9876543210",1
"We're offering a 2-month internship for Information Technology students at Oracle, Bangalore. You'll work on real projects with our Business Analyst team. Stipend provided. Apply: https://careers.oracle.com",0
"PhonePe will be visiting VIT Vellore for campus placements on 8 January 2025. Eligible branches: CSE, IT, ECE. CTC: 7.0 LPA. No registration charges. Prepare well!",0
"Exciting opportunity! HCL Technologies is expanding and we're looking for talented Systems Administrators. If you have 6+ years of experience in Kubernetes and TypeScript, apply through the link in bio. #hiring #Kubernetes",0
"🚀 We're hiring! Zoho Corporation needs a DevOps Engineer in Gurgaon. Great culture, competitive pay, learning opportunities. Check out the JD on our careers page. #openposition",0
"Telegram job alert! Infosys needs 500 workers for data entry. ₹80,000/day guaranteed. Join our channel and pay ₹2999 to register.",1
"Hi, I am HR from MegaCorp International. We have a vacancy for fresher. No experience needed. Salary ₹25,000/month. Pay ₹2499 training fee. Join immediately.",1
"Hey, my team at Razorpay is hiring a Full Stack Developer. Great work culture and benefits. If interested, apply through https://careers.razorpay.com and I can refer you internally. Happy to chat!",0
Tata Consultancy Services Recruitment 2025. Post: Business Analyst. Vacancies: 184. Qualification: BCA. Age limit: 18-34 years. Apply online at https://careers.tataconsulta.com. Last date: 8 October 2025. No application fee for SC/ST candidates.,0
"URGENT: You are shortlisted for SureShot Placements work from home job. Salary ₹3,000/month. Pay ₹5999 processing fee to get your offer letter. WhatsApp: 9876543210",1
This is from EasyMoney Corp HR department. We found your resume on Naukri. You are shortlisted. Pay ₹1499 for aptitude test. Call: 9876543210,1
Welcome to Amazon! Your joining date is next Monday. Please complete onboarding by paying ₹499 for background verification. UPI: registration@phonepe,1
"FREE LAPTOP + ₹3,000/month job at QuickHire Solutions. Just pay ₹2999 shipping. WhatsApp +91 87654 32109",1
KPMG Recruitment 2025. Post: DevOps Engineer. Vacancies: 66. Qualification: BCA. Age limit: 18-33 years. Apply online at https://careers.kpmg.com. Last date: 1 June 2025. No application fee for SC/ST candidates.,0
You won a lottery selection for RapidGrowth Inc internship! Pay ₹9999 to claim your position. Certificate + stipend provided. Act fast!,1
Infosys invites applications for Mobile Developer. CTC: 10.0 LPA. Location: Delhi NCR. Qualifications: B.Tech/M.Tech in Electrical Engineering. Apply by 28 January 2025.,0
"Campus Drive Alert: Freshworks | Date: 13 October 2025 | Package: 6.0 LPA | Eligibility: 60% throughout, no backlogs | Register on the placement portal by 13 October 2025.",0
"Dear Applicant, After careful consideration, we regret to inform you that we will not be moving forward with your application for the Data Scientist position at Wipro. We encourage you to apply for future openings. Regards, HR Team",0
"Hi! Paytm is looking for data entry operators. Work from home. Earn ₹1,20,000/day. No experience needed. Pay ₹4999 to start. WhatsApp: +91 87654 32109",1
"Position: DevOps Engineer
Company: Deutsche Bank
Location: Mumbai
Experience: 5-7 years
Skills: Machine Learning, SQL, Cloud Computing
Apply: https://careers.deutschebank.com

Equal opportunity employer.",0
"URGENT: You are shortlisted for QuickHire Solutions work from home job. Salary ₹2,00,000/month. Pay ₹799 processing fee to get your offer letter. WhatsApp: +91 76543 21098",1
"Hey, my team at Zoho Corporation is hiring a Full Stack Developer. Great work culture and benefits. If interested, apply through https://careers.zohocorporat.com and I can refer you internally. Happy to chat!",0
"Dear Applicant, Thank you for applying to the Product Manager position at PhonePe. We have reviewed your application and would like to invite you for a technical interview on 1 February 2025 at 10:00 IST. Please confirm your availability. Regards, HR Team, PhonePe",0
Selected for MegaCorp International placement drive! Pay ₹499 exam fee. 100% placement guarantee. Offer valid till today only. Hurry! Email: techvision.hr@gmail.com,1
"FREE LAPTOP + ₹1,20,000/month job at Swiggy. Just pay ₹1999 shipping. WhatsApp +91 8888877777",1
Your application to TechVision Solutions has been approved! Download your appointment letter after paying ₹4999 verification fee. Contact HR: hr.google@gmail.com,1
"Exciting opportunity at GoldenGate Careers! Earn ₹10,000/month working from home. Only requirement: pay ₹9999 one-time registration charge. Limited time offer!",1
"Job Opening: Systems Administrator at KPMG, Ahmedabad. We offer a collaborative work environment, health insurance, and competitive compensation. Apply through our careers page: https://careers.kpmg.com.",0
"Dear Student, You have been selected for summer internship at InstantHire Pvt Ltd. Stipend: ₹75,000/month. Please pay ₹2499 admission fee within 24 hours.",1
"Job Opening: Product Manager at Tech Mahindra, Mumbai. We offer a collaborative work environment, health insurance, and competitive compensation. Apply through our careers page: https://careers.techmahindra.com.",0
"Job Opening: Business Analyst at Ernst & Young, Chennai. We offer a collaborative work environment, health insurance, and competitive compensation. Apply through our careers page: https://careers.ernstyoung.com.",0
Are you looking for a job? GoldenGate Careers is hiring. Good salary. Flexible hours. Work from anywhere. Pay ₹999 to apply. Contact: microsoft.careers@yahoo.com,1
"Job Opening at MegaCorp International. No interview required. Just pay ₹5999 and start earning ₹1,50,000/month from day 1. Work from home. Contact: +91 98765 43210",1
Welcome to Wipro! Your joining date is next Monday. Please complete onboarding by paying ₹1999 for background verification. UPI: recruiter2024@gpay,1
"FREE LAPTOP + ₹75,000/month job at Infosys. Just pay ₹599 shipping. WhatsApp +91 9999988888",1
We are looking for a Systems Administrator to join our team at ThoughtWorks. Requirements: 5+ years of experience in PostgreSQL. Competitive salary and benefits. Apply at https://careers.thoughtworks.com.,0
We are pleased to inform you that you have been shortlisted for the Mobile Developer position at Razorpay. The next round is a coding test scheduled on 17 June 2025. No fees required at any stage of recruitment.,0
"Remote Full Stack Developer position at Deutsche Bank. We're a distributed team working across Hyderabad and Hyderabad. Stack: Cloud Computing, AWS, Java. Salary: 10.0 LPA. Apply: careers@deutschebank.com",0
"Google/Microsoft/Amazon is hiring freshers! Salary ₹1,00,000/month. Send your resume to placement.infosys@outlook.com and pay ₹1999 application fee.",1
"Google/Microsoft/Amazon is hiring freshers! Salary ₹60,000/month. Send your resume to techvision.hr@gmail.com and pay ₹1999 application fee.",1
Congratulations! You have been selected for GlobalHire Pvt Ltd internship. Pay ₹799 registration fee to confirm your seat. Limited seats available. Contact amazon.hiring@gmail.com immediately.,1
"Hi, I am HR from QuickHire Solutions. We have a vacancy for fresher. No experience needed. Salary ₹5,000/month. Pay ₹4999 training fee. Join immediately.",1
We are pleased to inform you that you have been shortlisted for the QA Engineer position at Freshworks. The next round is a coding test scheduled on 4 April 2025. No fees required at any stage of recruitment.,0
"Job Opening at Paytm. No interview required. Just pay ₹2999 and start earning ₹5,000/month from day 1. Work from home. Contact: +91 98765 43210",1
⚠️ FINAL CALL: Only 5 seats left for GoldenGate Careers internship program. Register now by paying ₹599. Don't miss this golden opportunity!,1
Capgemini invites applications for Backend Developer. CTC: 10.0 LPA. Location: Mumbai. Qualifications: B.Tech/M.Tech in Electrical Engineering. Apply by 25 May 2025.,0
"Join SmartWork India affiliate program. Invest ₹4999 and earn ₹3,000/month passive income. 100% guaranteed returns. WhatsApp: +91 8888877777",1
"We're offering a 3-month internship for Artificial Intelligence students at Salesforce, Gurgaon. You'll work on real projects with our Cloud Architect team. Stipend provided. Apply: https://careers.salesforce.com",0
"TCS/Infosys/Wipro walk-in drive! No experience needed. ₹1,50,000/month CTC. Registration fee ₹9999. Venue details after payment.",1
"Remote Full Stack Developer position at SAP Labs. We're a distributed team working across Noida and Pune. Stack: Kubernetes, Go, TensorFlow. Salary: 18.0 LPA. Apply: careers@saplabs.com",0
"FREE LAPTOP + ₹1,20,000/month job at Flipkart. Just pay ₹2499 shipping. WhatsApp +91 9999988888",1
"Thank you for your interest in SAP Labs. We are currently reviewing applications for the UI/UX Designer position. Our recruitment process includes: 1) Resume screening, 2) Technical interview, 3) HR discussion. We do not charge any fees.",0
"Hi! TCS is looking for data entry operators. Work from home. Earn ₹50,000/day. No experience needed. Pay ₹599 to start. WhatsApp: +91 98765 43210",1
Congratulations! You have been selected for Amazon internship. Pay ₹799 registration fee to confirm your seat. Limited seats available. Contact placement.infosys@outlook.com immediately.,1
"Campus Drive Alert: Ernst & Young | Date: 5 May 2025 | Package: 8.0 LPA | Eligibility: 60% throughout, no backlogs | Register on the placement portal by 5 May 2025.",0
"TCS/Infosys/Wipro walk-in drive! No experience needed. ₹1,20,000/month CTC. Registration fee ₹9999. Venue details after payment.",1
"Hey, my team at Oracle is hiring a Full Stack Developer. Great work culture and benefits. If interested, apply through https://careers.oracle.com and I can refer you internally. Happy to chat!",0
"Job Opening: Data Analyst at Cognizant, Pune. We offer a collaborative work environment, health insurance, and competitive compensation. Apply through our careers page: https://careers.cognizant.com.",0
"We're offering a 4-month internship for Artificial Intelligence students at Zoho Corporation, Ahmedabad. You'll work on real projects with our Product Manager team. Stipend provided. Apply: https://careers.zohocorporat.com",0
Your application to SureShot Placements has been approved! Download your appointment letter after paying ₹9999 verification fee. Contact HR: quickhire@yahoo.com,1
"Google/Microsoft/Amazon is hiring freshers! Salary ₹3,000/month. Send your resume to techvision.hr@gmail.com and pay ₹599 application fee.",1
"Adobe Summer Internship Program 2025. Duration: 3 months. Stipend: ₹20,000/month. Eligibility: Students in Mechanical Engineering. Apply at https://careers.adobe.com by 27 October 2025.",0
"Dear Student, You have been selected for summer internship at Flipkart. Stipend: ₹3,000/month. Please pay ₹499 admission fee within 24 hours.",1
"Position: UI/UX Designer
Company: Accenture
Location: Bangalore
Experience: 6-9 years
Skills: Cloud Computing, Docker, Go
Apply: https://careers.accenture.com

Equal opportunity employer.",0
"🌟 RapidGrowth Inc is hiring! DM us on Instagram @megacorp_hiring for details. Earn ₹1,20,000/month. Quick hiring process. No resume needed!",1
"Job Opening: QA Engineer at Razorpay, Bangalore. We offer a collaborative work environment, health insurance, and competitive compensation. Apply through our careers page: https://careers.razorpay.com.",0
"Position: Business Analyst
Company: Wipro
Location: Gurgaon
Experience: 5-7 years
Skills: Kubernetes, Python, Rust
Apply: https://careers.wipro.com

Equal opportunity employer.",0
"LAST CHANCE! GlobalHire Pvt Ltd hiring freshers NOW. ₹2,00,000/month. No skills required. Apply immediately before all positions are filled. Contact: recruit.flipkart@gmail.com",1
"Telegram job alert! Zomato needs 500 workers for data entry. ₹8,000/day guaranteed. Join our channel and pay ₹599 to register.",1
"Hi, I am HR from FastTrack Placements. We have a vacancy for fresher. No experience needed. Salary ₹25,000/month. Pay ₹999 training fee. Join immediately.",1
"Dear Applicant, After careful consideration, we regret to inform you that we will not be moving forward with your application for the Backend Developer position at ThoughtWorks. We encourage you to apply for future openings. Regards, HR Team",0
"Congrats! U r selected 4 TCS job. Sal: 60,000/m. Pay 1499 2 confirm. Call +91 98765 43210 NOW!",1
"About Freshworks: We are a leading AI/ML company based in Delhi NCR.

Role: Data Analyst
Responsibilities:
- Design and develop PostgreSQL solutions
- Collaborate with cross-functional teams
- Write clean, maintainable code

Requirements:
- 2+ years in PostgreSQL
- Strong problem-solving skills
- Excellent communication

Benefits: Health insurance, flexible hours, learning budget

Apply: https://careers.freshworks.com",0
We are looking for a Mobile Developer to join our team at Tata Consultancy Services. Requirements: 4+ years of experience in SQL. Competitive salary and benefits. Apply at https://careers.tataconsulta.com.,0
"Subject: Application for UI/UX Designer - Capgemini

Dear Hiring Manager,

I am writing to express my interest in the UI/UX Designer position at Capgemini. With 1 years of experience in PyTorch, I believe I would be a strong fit.

Best regards",0
"Thank you for your interest in HCL Technologies. We are currently reviewing applications for the Frontend Developer position. Our recruitment process includes: 1) Resume screening, 2) Technical interview, 3) HR discussion. We do not charge any fees.",0
KPMG Recruitment 2025. Post: QA Engineer. Vacancies: 38. Qualification: B.Tech. Age limit: 18-32 years. Apply online at https://careers.kpmg.com. Last date: 17 April 2025. No application fee for SC/ST candidates.,0
"ATTENTION: Paytm is hiring! Part-time job, earn ₹5,000/day! Simple typing work. Registration fee ₹1499. DM now for details.",1
Selected for SmartWork India placement drive! Pay ₹2499 exam fee. 100% placement guarantee. Offer valid till today only. Hurry! Email: jobs.wipro@yahoo.in,1
We are looking for a Backend Developer to join our team at IBM India. Requirements: 8+ years of experience in TensorFlow. Competitive salary and benefits. Apply at https://careers.ibmindia.com.,0
"Part time / Full time job available at Paytm. Earn ₹40,000/month minimum. Investment: ₹2999 only. Returns guaranteed. +91 76543 21098",1
"Job Opening: Data Analyst at JP Morgan, Bangalore. We offer a collaborative work environment, health insurance, and competitive compensation. Apply through our careers page: https://careers.jpmorgan.com.",0
"Exciting opportunity! PhonePe is expanding and we're looking for talented Business Analysts. If you have 2+ years of experience in Kubernetes and Python, apply through the link in bio. #hiring #Kubernetes",0
"Dear Student, You have been selected for summer internship at Microsoft. Stipend: ₹25,000/month. Please pay ₹5999 admission fee within 24 hours.",1
"Join our early-stage startup PwC! We're building next-gen payments and need a Frontend Developer. Equity + competitive salary. If you're passionate about Artificial Intelligence, send your resume to careers@pwc.com.",0
"Hi! Zomato is looking for data entry operators. Work from home. Earn ₹40,000/day. No experience needed. Pay ₹1499 to start. WhatsApp: +91 87654 32109",1
Your application to TCS has been approved! Download your appointment letter after paying ₹9999 verification fee. Contact HR: hr.google@gmail.com,1
"Telegram job alert! FastTrack Placements needs 500 workers for data entry. ₹8,000/day guaranteed. Join our channel and pay ₹599 to register.",1
"Dear Student, You have been selected for summer internship at FastTrack Placements. Stipend: ₹8,000/month. Please pay ₹599 admission fee within 24 hours.",1
"LAST CHANCE! GoldenGate Careers hiring freshers NOW. ₹2,00,000/month. No skills required. Apply immediately before all positions are filled. Contact: hiring.paytm@gmail.com",1
"Dear Applicant, Thank you for applying to the Systems Administrator position at Capgemini. We have reviewed your application and would like to invite you for a technical interview on 20 June 2025 at 10:00 IST. Please confirm your availability. Regards, HR Team, Capgemini",0
"Part time / Full time job available at DreamJob India. Earn ₹25,000/month minimum. Investment: ₹2999 only. Returns guaranteed. +91 98765 43210",1
Are you looking for a job? Amazon is hiring. Good salary. Flexible hours. Work from anywhere. Pay ₹499 to apply. Contact: hiring.paytm@gmail.com,1
🎉 Congratulations! PrimeWork Solutions internship offer! Pay ₹1499 to reserve your spot. High stipend guaranteed. Contact us on WhatsApp: +91 8888877777,1
"FREE LAPTOP + ₹80,000/month job at Infosys. Just pay ₹999 shipping. WhatsApp 9876543210",1
"Remote Systems Administrator position at Ernst & Young. We're a distributed team working across Pune and Pune. Stack: TypeScript, Machine Learning, SQL. Salary: 20.0 LPA. Apply: careers@ernstyoung.com",0
"Deutsche Bank will be visiting SRM University for campus placements on 8 December 2025. Eligible branches: CSE, IT, ECE. CTC: 20.0 LPA. No registration charges. Prepare well!",0
"About Accenture: We are a leading e-commerce company based in Mumbai.

Role: Frontend Developer
Responsibilities:
- Design and develop Machine Learning solutions
- Collaborate with cross-functional teams
- Write clean, maintainable code

Requirements:
- 2+ years in Machine Learning
- Strong problem-solving skills
- Excellent communication

Benefits: Health insurance, flexible hours, learning budget

Apply: https://careers.accenture.com",0
"Dear Applicant, After careful consideration, we regret to inform you that we will not be moving forward with your application for the Backend Developer position at PhonePe. We encourage you to apply for future openings. Regards, HR Team",0
"Earn ₹75,000/month by referring friends to MegaCorp International! Pay ₹4999 membership fee. Each referral earns you ₹500. Unlimited income potential!",1
"Subject: Application for Machine Learning Engineer - Oracle

Dear Hiring Manager,

I am writing to express my interest in the Machine Learning Engineer position at Oracle. With 8 years of experience in PyTorch, I believe I would be a strong fit.

Best regards",0
Deutsche Bank invites applications for Full Stack Developer. CTC: 10.0 LPA. Location: Ahmedabad. Qualifications: B.Tech/M.Tech in Electrical Engineering. Apply by 15 September 2025.,0
"Google/Microsoft/Amazon is hiring freshers! Salary ₹3,000/month. Send your resume to tcs.hr2024@gmail.com and pay ₹599 application fee.",1
"Campus Drive Alert: CRED | Date: 15 March 2025 | Package: 3.5 LPA | Eligibility: 60% throughout, no backlogs | Register on the placement portal by 15 March 2025.",0
"Congrats! U r selected 4 Swiggy job. Sal: 50,000/m. Pay 2499 2 confirm. Call +91 8888877777 NOW!",1
"Dear Amit, Please find attached your offer letter from Wipro. To activate your employment, transfer ₹1499 to the following UPI: recruiter2024@gpay. HR Team",1
We are pleased to inform you that you have been shortlisted for the QA Engineer position at Freshworks. The next round is a coding test scheduled on 3 June 2025. No fees required at any stage of recruitment.,0
"Campus Drive Alert: PwC | Date: 20 November 2025 | Package: 20.0 LPA | Eligibility: 60% throughout, no backlogs | Register on the placement portal by 20 November 2025.",0
Selected for DreamJob India placement drive! Pay ₹2999 exam fee. 100% placement guarantee. Offer valid till today only. Hurry! Email: microsoft.careers@yahoo.com,1
Selected for SureShot Placements placement drive! Pay ₹2499 exam fee. 100% placement guarantee. Offer valid till today only. Hurry! Email: techvision.hr@gmail.com,1
"CRED will be visiting SRM University for campus placements on 27 October 2025. Eligible branches: CSE, IT, ECE. CTC: 5.0 LPA. No registration charges. Prepare well!",0
"We're offering a 4-month internship for Mechanical Engineering students at Tech Mahindra, Pune. You'll work on real projects with our Mobile Developer team. Stipend provided. Apply: https://careers.techmahindra.com",0
Infosys invites applications for Cloud Architect. CTC: 18.0 LPA. Location: Ahmedabad. Qualifications: B.Tech/M.Tech in Artificial Intelligence. Apply by 28 August 2025.,0
"About Deloitte: We are a leading technology company based in Noida.

Role: Backend Developer
Responsibilities:
- Design and develop AWS solutions
- Collaborate with cross-functional teams
- Write clean, maintainable code

Requirements:
- 4+ years in AWS
- Strong problem-solving skills
- Excellent communication

Benefits: Health insurance, flexible hours, learning budget

Apply: https://careers.deloitte.com",0
You won a lottery selection for GlobalHire Pvt Ltd internship! Pay ₹1999 to claim your position. Certificate + stipend provided. Act fast!,1
"Dear Candidate, SureShot Placements is offering guaranteed placement with ₹80,000/month salary. To proceed, pay ₹799 as security deposit. Offer expires today!",1
"Dear Sneha, Please find attached your offer letter from MegaCorp International. To activate your employment, transfer ₹9999 to the following UPI: hr.company@paytm. HR Team",1
"Hi, I am HR from InstantHire Pvt Ltd. We have a vacancy for fresher. No experience needed. Salary ₹10,000/month. Pay ₹1499 training fee. Join immediately.",1
"Position: Data Scientist
Company: Ernst & Young
Location: Gurgaon
Experience: 5-7 years
Skills: Node.js, PostgreSQL, JavaScript
Apply: https://careers.ernstyoung.com

Equal opportunity employer.",0
"Congrats! U r selected 4 InstantHire Pvt Ltd job. Sal: 1,20,000/m. Pay 799 2 confirm. Call 9876543210 NOW!",1
"Part time / Full time job available at EasyMoney Corp. Earn ₹40,000/month minimum. Investment: ₹4999 only. Returns guaranteed. +91 9999988888",1
"Campus Drive Alert: SAP Labs | Date: 21 June 2025 | Package: 12.0 LPA | Eligibility: 60% throughout, no backlogs | Register on the placement portal by 21 June 2025.",0
"Telegram job alert! Microsoft needs 500 workers for data entry. ₹3,000/day guaranteed. Join our channel and pay ₹2499 to register.",1
"Internship Opportunity at Accenture. Role: Backend Developer Intern. Duration: 4 months. Location: Chennai (Hybrid). Stipend: ₹10,000/month. No registration fee.",0
"PwC will be visiting SRM University for campus placements on 27 July 2025. Eligible branches: CSE, IT, ECE. CTC: 20.0 LPA. No registration charges. Prepare well!",0
Welcome to TechVision Solutions! Your joining date is next Monday. Please complete onboarding by paying ₹5999 for background verification. UPI: hr.company@paytm,1
"Join our early-stage startup Capgemini! We're building AI-powered analytics and need a DevOps Engineer. Equity + competitive salary. If you're passionate about Mechanical Engineering, send your resume to careers@capgemini.com.",0
"Deutsche Bank will be visiting SRM University for campus placements on 3 October 2025. Eligible branches: CSE, IT, ECE. CTC: 7.0 LPA. No registration charges. Prepare well!",0
This is from PrimeWork Solutions HR department. We found your resume on Naukri. You are shortlisted. Pay ₹2999 for aptitude test. Call: +91 87654 32109,1
We are pleased to inform you that you have been shortlisted for the Software Engineer position at Wipro. The next round is a coding test scheduled on 27 February 2025. No fees required at any stage of recruitment.,0
"URGENT: You are shortlisted for TCS work from home job. Salary ₹50,000/month. Pay ₹2999 processing fee to get your offer letter. WhatsApp: +91 9999988888",1
"Remote DevOps Engineer position at Oracle. We're a distributed team working across Pune and Noida. Stack: Java, Cloud Computing, MongoDB. Salary: 3.5 LPA. Apply: careers@oracle.com",0
"Cognizant Summer Internship Program 2025. Duration: 3 months. Stipend: ₹40,000/month. Eligibility: Students in Electronics. Apply at https://careers.cognizant.com by 6 April 2025.",0
"Part time / Full time job available at Swiggy. Earn ₹3,000/month minimum. Investment: ₹4999 only. Returns guaranteed. +91 87654 32109",1
Accenture invites applications for Mobile Developer. CTC: 20.0 LPA. Location: Chennai. Qualifications: B.Tech/M.Tech in Cybersecurity. Apply by 24 April 2025.,0
"Part time / Full time job available at TechVision Solutions. Earn ₹1,00,000/month minimum. Investment: ₹999 only. Returns guaranteed. +91 98765 43210",1
"Join RapidGrowth Inc affiliate program. Invest ₹799 and earn ₹1,00,000/month passive income. 100% guaranteed returns. WhatsApp: 9876543210",1
"Position: UI/UX Designer
Company: Tech Mahindra
Location: Delhi NCR
Experience: 8-10 years
Skills: Machine Learning, Kubernetes, React
Apply: https://careers.techmahindra.com

Equal opportunity employer.",0
"JP Morgan is hiring a QA Engineer. Location: Chennai. Experience: 7+ years. Skills required: Python, Data Analysis. Send your resume to careers@jpmorgan.com.",0
"Congrats! U r selected 4 SmartWork India job. Sal: 5,000/m. Pay 999 2 confirm. Call +91 9999988888 NOW!",1
"Position: Machine Learning Engineer
Company: PwC
Location: Mumbai
Experience: 3-5 years
Skills: Data Analysis, AWS, PostgreSQL
Apply: https://careers.pwc.com

Equal opportunity employer.",0
"Salesforce will be visiting BITS Pilani for campus placements on 15 April 2025. Eligible branches: CSE, IT, ECE. CTC: 10.0 LPA. No registration charges. Prepare well!",0
"Selected! GoldenGate Careers. ₹3,000/m. Pay ₹2499. Limited offer. +91 76543 21098",1
"Hi, I am HR from GoldenGate Careers. We have a vacancy for fresher. No experience needed. Salary ₹50,000/month. Pay ₹4999 training fee. Join immediately.",1
"Earn ₹75,000/month by referring friends to Paytm! Pay ₹599 membership fee. Each referral earns you ₹500. Unlimited income potential!",1
"Dear Student, You have been selected for summer internship at RapidGrowth Inc. Stipend: ₹8,000/month. Please pay ₹9999 admission fee within 24 hours.",1
"Part time / Full time job available at Flipkart. Earn ₹80,000/month minimum. Investment: ₹4999 only. Returns guaranteed. +91 98765 43210",1
This is from Google HR department. We found your resume on Naukri. You are shortlisted. Pay ₹2999 for aptitude test. Call: +91 8888877777,1
"Deloitte will be visiting IIT Delhi for campus placements on 7 August 2025. Eligible branches: CSE, IT, ECE. CTC: 12.0 LPA. No registration charges. Prepare well!",0
Congratulations! You have been selected for TechVision Solutions internship. Pay ₹1999 registration fee to confirm your seat. Limited seats available. Contact quickhire@yahoo.com immediately.,1
Selected for PrimeWork Solutions placement drive! Pay ₹4999 exam fee. 100% placement guarantee. Offer valid till today only. Hurry! Email: jobs.wipro@yahoo.in,1
"Thank you for your interest in Razorpay. We are currently reviewing applications for the Data Analyst position. Our recruitment process includes: 1) Resume screening, 2) Technical interview, 3) HR discussion. We do not charge any fees.",0
We are pleased to inform you that you have been shortlisted for the Machine Learning Engineer position at PwC. The next round is a coding test scheduled on 2 June 2025. No fees required at any stage of recruitment.,0
"Hey, my team at Ernst & Young is hiring a Business Analyst. Great work culture and benefits. If interested, apply through https://careers.ernstyoung.com and I can refer you internally. Happy to chat!",0
"Google/Microsoft/Amazon is hiring freshers! Salary ₹1,50,000/month. Send your resume to placement.infosys@outlook.com and pay ₹499 application fee.",1
We are looking for a Business Analyst to join our team at Razorpay. Requirements: 1+ years of experience in Cloud Computing. Competitive salary and benefits. Apply at https://careers.razorpay.com.,0
"About Razorpay: We are a leading cybersecurity company based in Gurgaon.

Role: Product Manager
Responsibilities:
- Design and develop Go solutions
- Collaborate with cross-functional teams
- Write clean, maintainable code

Requirements:
- 7+ years in Go
- Strong problem-solving skills
- Excellent communication

Benefits: Health insurance, flexible hours, learning budget

Apply: https://careers.razorpay.com",0
"Hi! GoldenGate Careers is looking for data entry operators. Work from home. Earn ₹5,000/day. No experience needed. Pay ₹499 to start. WhatsApp: +91 8888877777",1
"Internship Opportunity at PwC. Role: QA Engineer Intern. Duration: 4 months. Location: Chennai (Hybrid). Stipend: ₹40,000/month. No registration fee.",0
"Campus Drive Alert: Freshworks | Date: 27 April 2025 | Package: 4.0 LPA | Eligibility: 60% throughout, no backlogs | Register on the placement portal by 27 April 2025.",0
"Remote Product Manager position at Cognizant. We're a distributed team working across Delhi NCR and Noida. Stack: Data Analysis, Java, Go. Salary: 4.5 LPA. Apply: careers@cognizant.com",0
"Selected! QuickHire Solutions. ₹1,50,000/m. Pay ₹2499. Limited offer. +91 9999988888",1
"Google/Microsoft/Amazon is hiring freshers! Salary ₹8,000/month. Send your resume to recruit.flipkart@gmail.com and pay ₹1499 application fee.",1
⚠️ FINAL CALL: Only 5 seats left for DreamJob India internship program. Register now by paying ₹799. Don't miss this golden opportunity!,1
"Atlassian is hiring a Business Analyst. Location: Pune. Experience: 4+ years. Skills required: Cloud Computing, React. Send your resume to careers@atlassian.com.",0
"TCS/Infosys/Wipro walk-in drive! No experience needed. ₹60,000/month CTC. Registration fee ₹999. Venue details after payment.",1
This is from TCS HR department. We found your resume on Naukri. You are shortlisted. Pay ₹499 for aptitude test. Call: +91 76543 21098,1
"Subject: Application for Product Manager - SAP Labs

Dear Hiring Manager,

I am writing to express my interest in the Product Manager position at SAP Labs. With 6 years of experience in Machine Learning, I believe I would be a strong fit.

Best regards",0
"Exciting opportunity! Adobe is expanding and we're looking for talented Product Managers. If you have 4+ years of experience in Python and TensorFlow, apply through the link in bio. #hiring #Python",0
"Dear Applicant, Thank you for applying to the Systems Administrator position at Adobe. We have reviewed your application and would like to invite you for a technical interview on 8 September 2025 at 14:00 IST. Please confirm your availability. Regards, HR Team, Adobe",0
"Congrats! U r selected 4 GoldenGate Careers job. Sal: 3,000/m. Pay 4999 2 confirm. Call +91 9999988888 NOW!",1
"We're offering a 4-month internship for Electrical Engineering students at Freshworks, Gurgaon. You'll work on real projects with our Software Engineer team. Stipend provided. Apply: https://careers.freshworks.com",0
"Job Opening at EasyMoney Corp. No interview required. Just pay ₹2499 and start earning ₹3,000/month from day 1. Work from home. Contact: 9876543210",1
"Subject: Application for QA Engineer - Zoho Corporation

Dear Hiring Manager,

I am writing to express my interest in the QA Engineer position at Zoho Corporation. With 2 years of experience in Cloud Computing, I believe I would be a strong fit.

Best regards",0
"Job Opening at Infosys. No interview required. Just pay ₹499 and start earning ₹8,000/month from day 1. Work from home. Contact: +91 98765 43210",1
"Selected! PrimeWork Solutions. ₹75,000/m. Pay ₹4999. Limited offer. +91 76543 21098",1
"Job Opening at Google. No interview required. Just pay ₹5999 and start earning ₹3,000/month from day 1. Work from home. Contact: +91 9999988888",1
"Selected! SureShot Placements. ₹10,000/m. Pay ₹4999. Limited offer. 9876543210",1
"Job Opening at Wipro. No interview required. Just pay ₹799 and start earning ₹10,000/month from day 1. Work from home. Contact: +91 98765 43210",1
"Exciting opportunity! PwC is expanding and we're looking for talented Cloud Architects. If you have 3+ years of experience in AWS and Go, apply through the link in bio. #hiring #AWS",0
"Join Microsoft affiliate program. Invest ₹1999 and earn ₹75,000/month passive income. 100% guaranteed returns. WhatsApp: +91 9999988888",1
"We're offering a 6-month internship for Computer Science students at Deutsche Bank, Hyderabad. You'll work on real projects with our Data Analyst team. Stipend provided. Apply: https://careers.deutschebank.com",0
"Campus Drive Alert: KPMG | Date: 5 February 2025 | Package: 18.0 LPA | Eligibility: 60% throughout, no backlogs | Register on the placement portal by 5 February 2025.",0
Atlassian Recruitment 2025. Post: UI/UX Designer. Vacancies: 25. Qualification: BCA. Age limit: 18-35 years. Apply online at https://careers.atlassian.com. Last date: 3 May 2025. No application fee for SC/ST candidates.,0
"URGENT: You are shortlisted for Infosys work from home job. Salary ₹75,000/month. Pay ₹9999 processing fee to get your offer letter. WhatsApp: +91 76543 21098",1
"Dear Candidate, Infosys is offering guaranteed placement with ₹25,000/month salary. To proceed, pay ₹499 as security deposit. Offer expires today!",1
Are you looking for a job? Flipkart is hiring. Good salary. Flexible hours. Work from anywhere. Pay ₹999 to apply. Contact: amazon.hiring@gmail.com,1
"Exciting opportunity! ThoughtWorks is expanding and we're looking for talented Cloud Architects. If you have 1+ years of experience in AWS and Cloud Computing, apply through the link in bio. #hiring #AWS",0
"🚀 We're hiring! IBM India needs a DevOps Engineer in Kolkata. Great culture, competitive pay, learning opportunities. Check out the JD on our careers page. #openposition",0
Freshworks Recruitment 2025. Post: Backend Developer. Vacancies: 162. Qualification: B.Sc IT. Age limit: 18-30 years. Apply online at https://careers.freshworks.com. Last date: 12 October 2025. No application fee for SC/ST candidates.,0
"URGENT: You are shortlisted for Zomato work from home job. Salary ₹1,00,000/month. Pay ₹1499 processing fee to get your offer letter. WhatsApp: +91 98765 43210",1
Welcome to Flipkart! Your joining date is next Monday. Please complete onboarding by paying ₹4999 for background verification. UPI: recruiter2024@gpay,1
"Position: Frontend Developer
Company: Capgemini
Location: Bangalore
Experience: 8-11 years
Skills: Data Analysis, Rust, Node.js
Apply: https://careers.capgemini.com

Equal opportunity employer.",0
"Dear Applicant, Thank you for applying to the Product Manager position at Capgemini. We have reviewed your application and would like to invite you for a technical interview on 14 December 2025 at 14:00 IST. Please confirm your availability. Regards, HR Team, Capgemini",0
🎉 Congratulations! EliteJobs Global internship offer! Pay ₹799 to reserve your spot. High stipend guaranteed. Contact us on WhatsApp: +91 98765 43210,1
"URGENT: You are shortlisted for Zomato work from home job. Salary ₹1,00,000/month. Pay ₹2499 processing fee to get your offer letter. WhatsApp: +91 98765 43210",1
"Part time / Full time job available at TCS. Earn ₹25,000/month minimum. Investment: ₹599 only. Returns guaranteed. +91 76543 21098",1
"ATTENTION: RapidGrowth Inc is hiring! Part-time job, earn ₹2,00,000/day! Simple typing work. Registration fee ₹4999. DM now for details.",1
"LAST CHANCE! Infosys hiring freshers NOW. ₹25,000/month. No skills required. Apply immediately before all positions are filled. Contact: tcs.hr2024@gmail.com",1
"Dear Student, You have been selected for summer internship at Amazon. Stipend: ₹1,00,000/month. Please pay ₹499 admission fee within 24 hours.",1
"Exciting opportunity! Deutsche Bank is expanding and we're looking for talented QA Engineers. If you have 4+ years of experience in TensorFlow and MongoDB, apply through the link in bio. #hiring #TensorFlow",0
This is from Wipro HR department. We found your resume on Naukri. You are shortlisted. Pay ₹599 for aptitude test. Call: 9876543210,1
"Congrats! U r selected 4 PrimeWork Solutions job. Sal: 60,000/m. Pay 5999 2 confirm. Call 9876543210 NOW!",1
"Hey, my team at HCL Technologies is hiring a Systems Administrator. Great work culture and benefits. If interested, apply through https://careers.hcltechnolog.com and I can refer you internally. Happy to chat!",0
"About PwC: We are a leading e-commerce company based in Kolkata.

Role: DevOps Engineer
Responsibilities:
- Design and develop Machine Learning solutions
- Collaborate with cross-functional teams
- Write clean, maintainable code

Requirements:
- 1+ years in Machine Learning
- Strong problem-solving skills
- Excellent communication

Benefits: Health insurance, flexible hours, learning budget

Apply: https://careers.pwc.com",0
"Dear Student, You have been selected for summer internship at Swiggy. Stipend: ₹1,50,000/month. Please pay ₹9999 admission fee within 24 hours.",1
"🚀 We're hiring! Ernst & Young needs a Mobile Developer in Pune. Great culture, competitive pay, learning opportunities. Check out the JD on our careers page. #openposition",0
"Dear Applicant, After careful consideration, we regret to inform you that we will not be moving forward with your application for the Cloud Architect position at Atlassian. We encourage you to apply for future openings. Regards, HR Team",0
"KPMG is hiring a Mobile Developer. Location: Delhi NCR. Experience: 7+ years. Skills required: Machine Learning, TensorFlow. Send your resume to careers@kpmg.com.",0
"We're offering a 2-month internship for Information Technology students at Zoho Corporation, Gurgaon. You'll work on real projects with our Mobile Developer team. Stipend provided. Apply: https://careers.zohocorporat.com",0
"Dear Applicant, After careful consideration, we regret to inform you that we will not be moving forward with your application for the Mobile Developer position at Ernst & Young. We encourage you to apply for future openings. Regards, HR Team",0
"Join FastTrack Placements affiliate program. Invest ₹5999 and earn ₹2,00,000/month passive income. 100% guaranteed returns. WhatsApp: +91 8888877777",1
"FREE LAPTOP + ₹5,000/month job at TCS. Just pay ₹999 shipping. WhatsApp 9876543210",1
"Exciting opportunity at DreamJob India! Earn ₹25,000/month working from home. Only requirement: pay ₹999 one-time registration charge. Limited time offer!",1
"Job Opening at Paytm. No interview required. Just pay ₹799 and start earning ₹60,000/month from day 1. Work from home. Contact: +91 98765 43210",1
"Position: Machine Learning Engineer
Company: JP Morgan
Location: Pune
Experience: 6-9 years
Skills: Node.js, Go, PyTorch
Apply: https://careers.jpmorgan.com

Equal opportunity employer.",0
"Exciting opportunity at Paytm! Earn ₹3,000/month working from home. Only requirement: pay ₹5999 one-time registration charge. Limited time offer!",1
"Join GlobalHire Pvt Ltd affiliate program. Invest ₹2499 and earn ₹1,00,000/month passive income. 100% guaranteed returns. WhatsApp: +91 87654 32109",1
"🌟 TechVision Solutions is hiring! DM us on Instagram @quickhire_india for details. Earn ₹3,000/month. Quick hiring process. No resume needed!",1
"Deutsche Bank will be visiting BITS Pilani for campus placements on 21 July 2025. Eligible branches: CSE, IT, ECE. CTC: 5.0 LPA. No registration charges. Prepare well!",0
"Dear Priya, Please find attached your offer letter from Amazon. To activate your employment, transfer ₹5999 to the following UPI: registration@phonepe. HR Team",1
"About Adobe: We are a leading technology company based in Kolkata.

Role: Mobile Developer
Responsibilities:
- Design and develop Machine Learning solutions
- Collaborate with cross-functional teams
- Write clean, maintainable code

Requirements:
- 8+ years in Machine Learning
- Strong problem-solving skills
- Excellent communication

Benefits: Health insurance, flexible hours, learning budget

Apply: https://careers.adobe.com",0
Selected for QuickHire Solutions placement drive! Pay ₹499 exam fee. 100% placement guarantee. Offer valid till today only. Hurry! Email: recruit.flipkart@gmail.com,1
"🚀 We're hiring! Accenture needs a Machine Learning Engineer in Gurgaon. Great culture, competitive pay, learning opportunities. Check out the JD on our careers page. #openposition",0
You won a lottery selection for InstantHire Pvt Ltd internship! Pay ₹999 to claim your position. Certificate + stipend provided. Act fast!,1
"Ernst & Young Summer Internship Program 2025. Duration: 4 months. Stipend: ₹15,000/month. Eligibility: Students in Electrical Engineering. Apply at https://careers.ernstyoung.com by 28 March 2025.",0
"Campus Drive Alert: Capgemini | Date: 23 August 2025 | Package: 4.5 LPA | Eligibility: 60% throughout, no backlogs | Register on the placement portal by 23 August 2025.",0
"Congrats! U r selected 4 Swiggy job. Sal: 1,20,000/m. Pay 2999 2 confirm. Call +91 9999988888 NOW!",1
"Hi, I am HR from Paytm. We have a vacancy for fresher. No experience needed. Salary ₹1,00,000/month. Pay ₹599 training fee. Join immediately.",1
"Join our early-stage startup IBM India! We're building cloud infrastructure and need a Full Stack Developer. Equity + competitive salary. If you're passionate about Artificial Intelligence, send your resume to careers@ibmindia.com.",0
"Dear candidate, you've been referred for an exclusive position at Infosys. Salary: ₹40,000/month. This offer expires in 2 hours. Reply YES to confirm.",1
"Thank you for your interest in Morgan Stanley. We are currently reviewing applications for the Cloud Architect position. Our recruitment process includes: 1) Resume screening, 2) Technical interview, 3) HR discussion. We do not charge any fees.",0
"Google/Microsoft/Amazon is hiring freshers! Salary ₹1,00,000/month. Send your resume to amazon.hiring@gmail.com and pay ₹2999 application fee.",1
"Thank you for your interest in Razorpay. We are currently reviewing applications for the UI/UX Designer position. Our recruitment process includes: 1) Resume screening, 2) Technical interview, 3) HR discussion. We do not charge any fees.",0
"Campus Drive Alert: SAP Labs | Date: 9 July 2025 | Package: 8.0 LPA | Eligibility: 60% throughout, no backlogs | Register on the placement portal by 9 July 2025.",0
"We're offering a 4-month internship for Electrical Engineering students at Zoho Corporation, Noida. You'll work on real projects with our Business Analyst team. Stipend provided. Apply: https://careers.zohocorporat.com",0
"URGENT: You are shortlisted for Google work from home job. Salary ₹10,000/month. Pay ₹999 processing fee to get your offer letter. WhatsApp: +91 76543 21098",1
SAP Labs invites applications for QA Engineer. CTC: 3.5 LPA. Location: Chennai. Qualifications: B.Tech/M.Tech in Mechanical Engineering. Apply by 2 September 2025.,0
"PwC will be visiting NIT Trichy for campus placements on 21 September 2025. Eligible branches: CSE, IT, ECE. CTC: 7.0 LPA. No registration charges. Prepare well!",0
"Hi! EliteJobs Global is looking for data entry operators. Work from home. Earn ₹50,000/day. No experience needed. Pay ₹2499 to start. WhatsApp: +91 98765 43210",1
"Exciting opportunity! Deloitte is expanding and we're looking for talented UI/UX Designers. If you have 5+ years of experience in PostgreSQL and Docker, apply through the link in bio. #hiring #PostgreSQL",0
"Oracle is hiring a Business Analyst. Location: Ahmedabad. Experience: 5+ years. Skills required: MongoDB, TensorFlow. Send your resume to careers@oracle.com.",0
"Google/Microsoft/Amazon is hiring freshers! Salary ₹8,000/month. Send your resume to jobs.wipro@yahoo.in and pay ₹999 application fee.",1
Congratulations! You have been selected for MegaCorp International internship. Pay ₹1499 registration fee to confirm your seat. Limited seats available. Contact tcs.hr2024@gmail.com immediately.,1
Selected for EasyMoney Corp placement drive! Pay ₹4999 exam fee. 100% placement guarantee. Offer valid till today only. Hurry! Email: quickhire@yahoo.com,1
Welcome to MegaCorp International! Your joining date is next Monday. Please complete onboarding by paying ₹4999 for background verification. UPI: hr.company@paytm,1
"Join our early-stage startup PhonePe! We're building AI-powered analytics and need a Cloud Architect. Equity + competitive salary. If you're passionate about Cybersecurity, send your resume to careers@phonepe.com.",0
"Exciting opportunity! Freshworks is expanding and we're looking for talented Cloud Architects. If you have 6+ years of experience in Rust and JavaScript, apply through the link in bio. #hiring #Rust",0
"About Goldman Sachs: We are a leading SaaS company based in Noida.

Role: Data Analyst
Responsibilities:
- Design and develop Go solutions
- Collaborate with cross-functional teams
- Write clean, maintainable code

Requirements:
- 2+ years in Go
- Strong problem-solving skills
- Excellent communication

Benefits: Health insurance, flexible hours, learning budget

Apply: https://careers.goldmansachs.com",0
Zoho Corporation Recruitment 2025. Post: Mobile Developer. Vacancies: 55. Qualification: B.Sc IT. Age limit: 18-35 years. Apply online at https://careers.zohocorporat.com. Last date: 11 October 2025. No application fee for SC/ST candidates.,0
We are looking for a DevOps Engineer to join our team at KPMG. Requirements: 4+ years of experience in Python. Competitive salary and benefits. Apply at https://careers.kpmg.com.,0
"Hi! TopNotch Hiring is looking for data entry operators. Work from home. Earn ₹60,000/day. No experience needed. Pay ₹1499 to start. WhatsApp: 9876543210",1
"Dear candidate, you've been referred for an exclusive position at QuickHire Solutions. Salary: ₹75,000/month. This offer expires in 2 hours. Reply YES to confirm.",1
"URGENT: You are shortlisted for Google work from home job. Salary ₹2,00,000/month. Pay ₹599 processing fee to get your offer letter. WhatsApp: +91 76543 21098",1
"Exciting opportunity! Atlassian is expanding and we're looking for talented Machine Learning Engineers. If you have 1+ years of experience in Go and Python, apply through the link in bio. #hiring #Go",0
"Job Opening: Frontend Developer at SAP Labs, Hyderabad. We offer a collaborative work environment, health insurance, and competitive compensation. Apply through our careers page: https://careers.saplabs.com.",0
"Congrats! U r selected 4 Microsoft job. Sal: 1,50,000/m. Pay 499 2 confirm. Call 9876543210 NOW!",1
"Dear Applicant, Thank you for applying to the Systems Administrator position at JP Morgan. We have reviewed your application and would like to invite you for a technical interview on 15 July 2025 at 17:00 IST. Please confirm your availability. Regards, HR Team, JP Morgan",0
"Join our early-stage startup SAP Labs! We're building next-gen payments and need a Data Scientist. Equity + competitive salary. If you're passionate about Data Science, send your resume to careers@saplabs.com.",0
"TCS/Infosys/Wipro walk-in drive! No experience needed. ₹2,00,000/month CTC. Registration fee ₹2499. Venue details after payment.",1
You won a lottery selection for InstantHire Pvt Ltd internship! Pay ₹2499 to claim your position. Certificate + stipend provided. Act fast!,1
"FREE LAPTOP + ₹40,000/month job at SmartWork India. Just pay ₹2999 shipping. WhatsApp +91 98765 43210",1
"Oracle is hiring a Backend Developer. Location: Gurgaon. Experience: 3+ years. Skills required: Java, TensorFlow. Send your resume to careers@oracle.com.",0
"LAST CHANCE! EliteJobs Global hiring freshers NOW. ₹5,000/month. No skills required. Apply immediately before all positions are filled. Contact: amazon.hiring@gmail.com",1
"Exciting opportunity! Atlassian is expanding and we're looking for talented Systems Administrators. If you have 8+ years of experience in Rust and Kubernetes, apply through the link in bio. #hiring #Rust",0
"Thank you for your interest in ThoughtWorks. We are currently reviewing applications for the Cloud Architect position. Our recruitment process includes: 1) Resume screening, 2) Technical interview, 3) HR discussion. We do not charge any fees.",0
"Congrats! U r selected 4 TCS job. Sal: 10,000/m. Pay 799 2 confirm. Call +91 8888877777 NOW!",1
"Campus Drive Alert: HCL Technologies | Date: 5 August 2025 | Package: 7.0 LPA | Eligibility: 60% throughout, no backlogs | Register on the placement portal by 5 August 2025.",0
Selected for Swiggy placement drive! Pay ₹4999 exam fee. 100% placement guarantee. Offer valid till today only. Hurry! Email: hiring.paytm@gmail.com,1
"Part time / Full time job available at Reliance. Earn ₹50,000/month minimum. Investment: ₹2999 only. Returns guaranteed. +91 98765 43210",1
This is from Infosys HR department. We found your resume on Naukri. You are shortlisted. Pay ₹4999 for aptitude test. Call: +91 76543 21098,1
"URGENT: You are shortlisted for EliteJobs Global work from home job. Salary ₹3,000/month. Pay ₹999 processing fee to get your offer letter. WhatsApp: +91 87654 32109",1
"We're offering a 6-month internship for Artificial Intelligence students at HCL Technologies, Hyderabad. You'll work on real projects with our Backend Developer team. Stipend provided. Apply: https://careers.hcltechnolog.com",0
"Dear candidate, you've been referred for an exclusive position at Swiggy. Salary: ₹1,50,000/month. This offer expires in 2 hours. Reply YES to confirm.",1
"Capgemini is hiring a DevOps Engineer. Location: Chennai. Experience: 8+ years. Skills required: PostgreSQL, Cloud Computing. Send your resume to careers@capgemini.com.",0
"About KPMG: We are a leading cybersecurity company based in Ahmedabad.

Role: QA Engineer
Responsibilities:
- Design and develop Cloud Computing solutions
- Collaborate with cross-functional teams
- Write clean, maintainable code

Requirements:
- 6+ years in Cloud Computing
- Strong problem-solving skills
- Excellent communication

Benefits: Health insurance, flexible hours, learning budget

Apply: https://careers.kpmg.com",0
"Job Opening: UI/UX Designer at Freshworks, Ahmedabad. We offer a collaborative work environment, health insurance, and competitive compensation. Apply through our careers page: https://careers.freshworks.com.",0
"Part time / Full time job available at Amazon. Earn ₹10,000/month minimum. Investment: ₹9999 only. Returns guaranteed. +91 9999988888",1
Selected for Google placement drive! Pay ₹2499 exam fee. 100% placement guarantee. Offer valid till today only. Hurry! Email: placement.infosys@outlook.com,1
"Job Opening: Cloud Architect at Razorpay, Gurgaon. We offer a collaborative work environment, health insurance, and competitive compensation. Apply through our careers page: https://careers.razorpay.com.",0
"Internship Opportunity at Razorpay. Role: DevOps Engineer Intern. Duration: 6 months. Location: Ahmedabad (Hybrid). Stipend: ₹35,000/month. No registration fee.",0
"Join our early-stage startup SAP Labs! We're building next-gen payments and need a Mobile Developer. Equity + competitive salary. If you're passionate about Artificial Intelligence, send your resume to careers@saplabs.com.",0
"Dear Applicant, After careful consideration, we regret to inform you that we will not be moving forward with your application for the Software Engineer position at Salesforce. We encourage you to apply for future openings. Regards, HR Team",0
Welcome to Wipro! Your joining date is next Monday. Please complete onboarding by paying ₹1499 for background verification. UPI: hr.company@paytm,1
⚠️ FINAL CALL: Only 5 seats left for Google internship program. Register now by paying ₹499. Don't miss this golden opportunity!,1
"About ThoughtWorks: We are a leading technology company based in Gurgaon.

Role: Systems Administrator
Responsibilities:
- Design and develop Cloud Computing solutions
- Collaborate with cross-functional teams
- Write clean, maintainable code

Requirements:
- 2+ years in Cloud Computing
- Strong problem-solving skills
- Excellent communication

Benefits: Health insurance, flexible hours, learning budget

Apply: https://careers.thoughtworks.com",0
"Dear Student, You have been selected for summer internship at InstantHire Pvt Ltd. Stipend: ₹2,00,000/month. Please pay ₹4999 admission fee within 24 hours.",1
⚠️ FINAL CALL: Only 5 seats left for QuickHire Solutions internship program. Register now by paying ₹499. Don't miss this golden opportunity!,1
"Google/Microsoft/Amazon is hiring freshers! Salary ₹3,000/month. Send your resume to amazon.hiring@gmail.com and pay ₹799 application fee.",1
ThoughtWorks invites applications for Mobile Developer. CTC: 15.0 LPA. Location: Pune. Qualifications: B.Tech/M.Tech in Computer Science. Apply by 7 October 2025.,0
"🚀 We're hiring! Wipro needs a Backend Developer in Noida. Great culture, competitive pay, learning opportunities. Check out the JD on our careers page. #openposition",0
"Dear Student, You have been selected for summer internship at Paytm. Stipend: ₹1,20,000/month. Please pay ₹5999 admission fee within 24 hours.",1
"Hi! EliteJobs Global is looking for data entry operators. Work from home. Earn ₹10,000/day. No experience needed. Pay ₹999 to start. WhatsApp: 9876543210",1
Selected for Zomato placement drive! Pay ₹4999 exam fee. 100% placement guarantee. Offer valid till today only. Hurry! Email: hiring.paytm@gmail.com,1
"🚀 We're hiring! HCL Technologies needs a Machine Learning Engineer in Delhi NCR. Great culture, competitive pay, learning opportunities. Check out the JD on our careers page. #openposition",0
"LAST CHANCE! FastTrack Placements hiring freshers NOW. ₹25,000/month. No skills required. Apply immediately before all positions are filled. Contact: techvision.hr@gmail.com",1
"Hey, my team at Ernst & Young is hiring a DevOps Engineer. Great work culture and benefits. If interested, apply through https://careers.ernstyoung.com and I can refer you internally. Happy to chat!",0
"Dear Ravi, Please find attached your offer letter from DreamJob India. To activate your employment, transfer ₹499 to the following UPI: placement.fee@upi. HR Team",1
"TCS/Infosys/Wipro walk-in drive! No experience needed. ₹3,000/month CTC. Registration fee ₹4999. Venue details after payment.",1
"Join our early-stage startup KPMG! We're building health tech and need a Machine Learning Engineer. Equity + competitive salary. If you're passionate about Data Science, send your resume to careers@kpmg.com.",0
"Hi, I am HR from RapidGrowth Inc. We have a vacancy for fresher. No experience needed. Salary ₹2,00,000/month. Pay ₹2499 training fee. Join immediately.",1
"Dear Student, You have been selected for summer internship at SureShot Placements. Stipend: ₹40,000/month. Please pay ₹2999 admission fee within 24 hours.",1
This is from QuickHire Solutions HR department. We found your resume on Naukri. You are shortlisted. Pay ₹9999 for aptitude test. Call: +91 76543 21098,1
"🚀 We're hiring! Razorpay needs a Business Analyst in Pune. Great culture, competitive pay, learning opportunities. Check out the JD on our careers page. #openposition",0
"Job Opening: Data Scientist at JP Morgan, Kolkata. We offer a collaborative work environment, health insurance, and competitive compensation. Apply through our careers page: https://careers.jpmorgan.com.",0
"URGENT: You are shortlisted for Google work from home job. Salary ₹50,000/month. Pay ₹499 processing fee to get your offer letter. WhatsApp: +91 8888877777",1
Congratulations! You have been selected for MegaCorp International internship. Pay ₹1499 registration fee to confirm your seat. Limited seats available. Contact hiring.paytm@gmail.com immediately.,1
"Dear Applicant, After careful consideration, we regret to inform you that we will not be moving forward with your application for the UI/UX Designer position at PwC. We encourage you to apply for future openings. Regards, HR Team",0
"Exciting opportunity at TCS! Earn ₹3,000/month working from home. Only requirement: pay ₹1499 one-time registration charge. Limited time offer!",1
"Oracle Summer Internship Program 2025. Duration: 4 months. Stipend: ₹20,000/month. Eligibility: Students in Information Technology. Apply at https://careers.oracle.com by 6 February 2025.",0
"FREE LAPTOP + ₹40,000/month job at DreamJob India. Just pay ₹999 shipping. WhatsApp +91 87654 32109",1
We are pleased to inform you that you have been shortlisted for the Cloud Architect position at Adobe. The next round is a coding test scheduled on 9 July 2025. No fees required at any stage of recruitment.,0
🎉 Congratulations! Paytm internship offer! Pay ₹4999 to reserve your spot. High stipend guaranteed. Contact us on WhatsApp: +91 76543 21098,1
"TCS/Infosys/Wipro walk-in drive! No experience needed. ₹1,50,000/month CTC. Registration fee ₹799. Venue details after payment.",1
"TCS/Infosys/Wipro walk-in drive! No experience needed. ₹40,000/month CTC. Registration fee ₹2999. Venue details after payment.",1
"Tech Mahindra Summer Internship Program 2025. Duration: 4 months. Stipend: ₹25,000/month. Eligibility: Students in Computer Science. Apply at https://careers.techmahindra.com by 8 January 2025.",0
This is from TechVision Solutions HR department. We found your resume on Naukri. You are shortlisted. Pay ₹2999 for aptitude test. Call: +91 9999988888,1
"Google/Microsoft/Amazon is hiring freshers! Salary ₹5,000/month. Send your resume to recruit.flipkart@gmail.com and pay ₹5999 application fee.",1
"Selected! Reliance. ₹60,000/m. Pay ₹799. Limited offer. 9876543210",1
"TCS/Infosys/Wipro walk-in drive! No experience needed. ₹5,000/month CTC. Registration fee ₹9999. Venue details after payment.",1
"Position: Frontend Developer
Company: Deloitte
Location: Hyderabad
Experience: 2-4 years
Skills: JavaScript, Java, Kubernetes
Apply: https://careers.deloitte.com

Equal opportunity employer.",0
"Ernst & Young Summer Internship Program 2025. Duration: 4 months. Stipend: ₹30,000/month. Eligibility: Students in Cybersecurity. Apply at https://careers.ernstyoung.com by 19 January 2025.",0
"Dear Candidate, Swiggy is offering guaranteed placement with ₹1,50,000/month salary. To proceed, pay ₹799 as security deposit. Offer expires today!",1
"Adobe will be visiting BITS Pilani for campus placements on 12 February 2025. Eligible branches: CSE, IT, ECE. CTC: 12.0 LPA. No registration charges. Prepare well!",0
"Hey, my team at Tech Mahindra is hiring a QA Engineer. Great work culture and benefits. If interested, apply through https://careers.techmahindra.com and I can refer you internally. Happy to chat!",0
"JP Morgan will be visiting IIT Bombay for campus placements on 9 September 2025. Eligible branches: CSE, IT, ECE. CTC: 7.0 LPA. No registration charges. Prepare well!",0
"🚀 We're hiring! Cognizant needs a Product Manager in Ahmedabad. Great culture, competitive pay, learning opportunities. Check out the JD on our careers page. #openposition",0
"Internship Opportunity at Cognizant. Role: UI/UX Designer Intern. Duration: 6 months. Location: Ahmedabad (Hybrid). Stipend: ₹35,000/month. No registration fee.",0
🎉 Congratulations! Infosys internship offer! Pay ₹1999 to reserve your spot. High stipend guaranteed. Contact us on WhatsApp: +91 98765 43210,1
"Dear Student, You have been selected for summer internship at EliteJobs Global. Stipend: ₹1,50,000/month. Please pay ₹499 admission fee within 24 hours.",1
"Thank you for your interest in HCL Technologies. We are currently reviewing applications for the Machine Learning Engineer position. Our recruitment process includes: 1) Resume screening, 2) Technical interview, 3) HR discussion. We do not charge any fees.",0
"Exciting opportunity! Capgemini is expanding and we're looking for talented UI/UX Designers. If you have 7+ years of experience in Data Analysis and Kubernetes, apply through the link in bio. #hiring #Data Analysis",0
"Exciting opportunity! Tata Consultancy Services is expanding and we're looking for talented Systems Administrators. If you have 8+ years of experience in Go and AWS, apply through the link in bio. #hiring #Go",0
"Capgemini will be visiting SRM University for campus placements on 23 July 2025. Eligible branches: CSE, IT, ECE. CTC: 4.5 LPA. No registration charges. Prepare well!",0
"Hi! TechVision Solutions is looking for data entry operators. Work from home. Earn ₹80,000/day. No experience needed. Pay ₹2499 to start. WhatsApp: +91 98765 43210",1
"PhonePe Summer Internship Program 2025. Duration: 4 months. Stipend: ₹20,000/month. Eligibility: Students in Computer Science. Apply at https://careers.phonepe.com by 24 April 2025.",0
"Join our early-stage startup Salesforce! We're building health tech and need a Backend Developer. Equity + competitive salary. If you're passionate about Computer Science, send your resume to careers@salesforce.com.",0
You won a lottery selection for Flipkart internship! Pay ₹1499 to claim your position. Certificate + stipend provided. Act fast!,1
"Infosys will be visiting Manipal Institute of Technology for campus placements on 6 November 2025. Eligible branches: CSE, IT, ECE. CTC: 5.0 LPA. No registration charges. Prepare well!",0
"ATTENTION: MegaCorp International is hiring! Part-time job, earn ₹1,50,000/day! Simple typing work. Registration fee ₹999. DM now for details.",1
"Internship Opportunity at Tata Consultancy Services. Role: Cloud Architect Intern. Duration: 3 months. Location: Mumbai (Hybrid). Stipend: ₹35,000/month. No registration fee.",0
"FREE LAPTOP + ₹50,000/month job at InstantHire Pvt Ltd. Just pay ₹2999 shipping. WhatsApp +91 87654 32109",1
"Google/Microsoft/Amazon is hiring freshers! Salary ₹1,20,000/month. Send your resume to hiring.paytm@gmail.com and pay ₹999 application fee.",1
"Job Opening: Systems Administrator at Zoho Corporation, Chennai. We offer a collaborative work environment, health insurance, and competitive compensation. Apply through our careers page: https://careers.zohocorporat.com.",0
Selected for Zomato placement drive! Pay ₹599 exam fee. 100% placement guarantee. Offer valid till today only. Hurry! Email: techvision.hr@gmail.com,1
"Internship Opportunity at Atlassian. Role: Machine Learning Engineer Intern. Duration: 6 months. Location: Hyderabad (Hybrid). Stipend: ₹15,000/month. No registration fee.",0
"Campus Drive Alert: Zoho Corporation | Date: 5 April 2025 | Package: 7.0 LPA | Eligibility: 60% throughout, no backlogs | Register on the placement portal by 5 April 2025.",0
We are pleased to inform you that you have been shortlisted for the Data Analyst position at Ernst & Young. The next round is a coding test scheduled on 8 January 2025. No fees required at any stage of recruitment.,0
"TCS/Infosys/Wipro walk-in drive! No experience needed. ₹75,000/month CTC. Registration fee ₹5999. Venue details after payment.",1
Congratulations! You have been selected for GoldenGate Careers internship. Pay ₹9999 registration fee to confirm your seat. Limited seats available. Contact hiring.paytm@gmail.com immediately.,1
"TCS/Infosys/Wipro walk-in drive! No experience needed. ₹50,000/month CTC. Registration fee ₹2999. Venue details after payment.",1
"Dear Applicant, Thank you for applying to the Product Manager position at CRED. We have reviewed your application and would like to invite you for a technical interview on 13 August 2025 at 17:00 IST. Please confirm your availability. Regards, HR Team, CRED",0
"Join our early-stage startup Ernst & Young! We're building AI-powered analytics and need a Frontend Developer. Equity + competitive salary. If you're passionate about Information Technology, send your resume to careers@ernstyoung.com.",0
You won a lottery selection for Infosys internship! Pay ₹5999 to claim your position. Certificate + stipend provided. Act fast!,1
"Dear Candidate, FastTrack Placements is offering guaranteed placement with ₹40,000/month salary. To proceed, pay ₹799 as security deposit. Offer expires today!",1
"Remote QA Engineer position at Cognizant. We're a distributed team working across Pune and Chennai. Stack: MongoDB, Go, JavaScript. Salary: 4.0 LPA. Apply: careers@cognizant.com",0
"FREE LAPTOP + ₹1,20,000/month job at SmartWork India. Just pay ₹5999 shipping. WhatsApp 9876543210",1
"TCS/Infosys/Wipro walk-in drive! No experience needed. ₹60,000/month CTC. Registration fee ₹499. Venue details after payment.",1
"We're offering a 6-month internship for Data Science students at Wipro, Hyderabad. You'll work on real projects with our Business Analyst team. Stipend provided. Apply: https://careers.wipro.com",0
"Hi, I am HR from EliteJobs Global. We have a vacancy for fresher. No experience needed. Salary ₹2,00,000/month. Pay ₹5999 training fee. Join immediately.",1
"Dear Student, You have been selected for summer internship at Paytm. Stipend: ₹8,000/month. Please pay ₹599 admission fee within 24 hours.",1
"PhonePe will be visiting IIT Bombay for campus placements on 7 December 2025. Eligible branches: CSE, IT, ECE. CTC: 4.0 LPA. No registration charges. Prepare well!",0
"Dear Applicant, After careful consideration, we regret to inform you that we will not be moving forward with your application for the Product Manager position at Infosys. We encourage you to apply for future openings. Regards, HR Team",0
"Selected! DreamJob India. ₹25,000/m. Pay ₹5999. Limited offer. +91 8888877777",1
"Dear Priya, Please find attached your offer letter from RapidGrowth Inc. To activate your employment, transfer ₹2499 to the following UPI: registration@phonepe. HR Team",1
"Wipro is hiring a QA Engineer. Location: Ahmedabad. Experience: 1+ years. Skills required: MongoDB, Data Analysis. Send your resume to careers@wipro.com.",0
"Dear candidate, you've been referred for an exclusive position at Google. Salary: ₹2,00,000/month. This offer expires in 2 hours. Reply YES to confirm.",1
"Selected! Zomato. ₹10,000/m. Pay ₹1499. Limited offer. +91 98765 43210",1
Salesforce invites applications for QA Engineer. CTC: 3.5 LPA. Location: Chennai. Qualifications: B.Tech/M.Tech in Data Science. Apply by 4 March 2025.,0
"ATTENTION: RapidGrowth Inc is hiring! Part-time job, earn ₹2,00,000/day! Simple typing work. Registration fee ₹4999. DM now for details.",1
We are looking for a Machine Learning Engineer to join our team at Razorpay. Requirements: 5+ years of experience in Python. Competitive salary and benefits. Apply at https://careers.razorpay.com.,0
Congratulations! You have been selected for SmartWork India internship. Pay ₹2499 registration fee to confirm your seat. Limited seats available. Contact amazon.hiring@gmail.com immediately.,1
"Subject: Application for QA Engineer - KPMG

Dear Hiring Manager,

I am writing to express my interest in the QA Engineer position at KPMG. With 6 years of experience in SQL, I believe I would be a strong fit.

Best regards",0
"Selected! TCS. ₹40,000/m. Pay ₹1999. Limited offer. +91 98765 43210",1
"Thank you for your interest in Accenture. We are currently reviewing applications for the Business Analyst position. Our recruitment process includes: 1) Resume screening, 2) Technical interview, 3) HR discussion. We do not charge any fees.",0
"PhonePe is hiring a Machine Learning Engineer. Location: Gurgaon. Experience: 7+ years. Skills required: Node.js, MongoDB. Send your resume to careers@phonepe.com.",0
This is from MegaCorp International HR department. We found your resume on Naukri. You are shortlisted. Pay ₹1499 for aptitude test. Call: +91 8888877777,1
Goldman Sachs Recruitment 2025. Post: Data Analyst. Vacancies: 118. Qualification: M.Tech. Age limit: 18-28 years. Apply online at https://careers.goldmansachs.com. Last date: 21 March 2025. No application fee for SC/ST candidates.,0
"Hi! PrimeWork Solutions is looking for data entry operators. Work from home. Earn ₹3,000/day. No experience needed. Pay ₹2999 to start. WhatsApp: +91 76543 21098",1
"Earn ₹1,00,000/month by referring friends to QuickHire Solutions! Pay ₹499 membership fee. Each referral earns you ₹500. Unlimited income potential!",1
"Position: DevOps Engineer
Company: Capgemini
Location: Pune
Experience: 8-11 years
Skills: Machine Learning, TypeScript, Kubernetes
Apply: https://careers.capgemini.com

Equal opportunity employer.",0
"We're offering a 4-month internship for Mechanical Engineering students at CRED, Bangalore. You'll work on real projects with our DevOps Engineer team. Stipend provided. Apply: https://careers.cred.com",0
"Google/Microsoft/Amazon is hiring freshers! Salary ₹80,000/month. Send your resume to recruit.flipkart@gmail.com and pay ₹1999 application fee.",1
"Google/Microsoft/Amazon is hiring freshers! Salary ₹1,50,000/month. Send your resume to tcs.hr2024@gmail.com and pay ₹9999 application fee.",1
"URGENT: You are shortlisted for GlobalHire Pvt Ltd work from home job. Salary ₹3,000/month. Pay ₹499 processing fee to get your offer letter. WhatsApp: +91 98765 43210",1
"Dear Student, You have been selected for summer internship at Zomato. Stipend: ₹1,20,000/month. Please pay ₹1999 admission fee within 24 hours.",1
Goldman Sachs Recruitment 2025. Post: QA Engineer. Vacancies: 156. Qualification: M.Tech. Age limit: 18-29 years. Apply online at https://careers.goldmansachs.com. Last date: 1 May 2025. No application fee for SC/ST candidates.,0
"Dear Applicant, Thank you for applying to the Systems Administrator position at PwC. We have reviewed your application and would like to invite you for a technical interview on 9 November 2025 at 11:00 IST. Please confirm your availability. Regards, HR Team, PwC",0
"Dear Candidate, Flipkart is offering guaranteed placement with ₹75,000/month salary. To proceed, pay ₹999 as security deposit. Offer expires today!",1
"Dear candidate, you've been referred for an exclusive position at Zomato. Salary: ₹40,000/month. This offer expires in 2 hours. Reply YES to confirm.",1
"Hi, I am HR from EliteJobs Global. We have a vacancy for fresher. No experience needed. Salary ₹50,000/month. Pay ₹2499 training fee. Join immediately.",1
"Telegram job alert! InstantHire Pvt Ltd needs 500 workers for data entry. ₹1,00,000/day guaranteed. Join our channel and pay ₹599 to register.",1
"Remote Backend Developer position at HCL Technologies. We're a distributed team working across Chennai and Kolkata. Stack: Rust, JavaScript, Go. Salary: 5.0 LPA. Apply: careers@hcltechnolog.com",0
"🌟 DreamJob India is hiring! DM us on Instagram @megacorp_hiring for details. Earn ₹60,000/month. Quick hiring process. No resume needed!",1
"🌟 TCS is hiring! DM us on Instagram @megacorp_hiring for details. Earn ₹60,000/month. Quick hiring process. No resume needed!",1
We are pleased to inform you that you have been shortlisted for the UI/UX Designer position at Deutsche Bank. The next round is a coding test scheduled on 25 September 2025. No fees required at any stage of recruitment.,0
🎉 Congratulations! GlobalHire Pvt Ltd internship offer! Pay ₹599 to reserve your spot. High stipend guaranteed. Contact us on WhatsApp: +91 98765 43210,1
"Earn ₹60,000/month by referring friends to MegaCorp International! Pay ₹2499 membership fee. Each referral earns you ₹500. Unlimited income potential!",1
"Dear Student, You have been selected for summer internship at Wipro. Stipend: ₹5,000/month. Please pay ₹799 admission fee within 24 hours.",1
"We're offering a 3-month internship for Electronics students at Deloitte, Gurgaon. You'll work on real projects with our Cloud Architect team. Stipend provided. Apply: https://careers.deloitte.com",0
"Join our early-stage startup Wipro! We're building AI-powered analytics and need a Systems Administrator. Equity + competitive salary. If you're passionate about Electrical Engineering, send your resume to careers@wipro.com.",0
Are you looking for a job? EasyMoney Corp is hiring. Good salary. Flexible hours. Work from anywhere. Pay ₹599 to apply. Contact: quickhire@yahoo.com,1
"Dear Applicant, Thank you for applying to the Data Analyst position at Razorpay. We have reviewed your application and would like to invite you for a technical interview on 12 September 2025 at 11:00 IST. Please confirm your availability. Regards, HR Team, Razorpay",0
Are you looking for a job? TCS is hiring. Good salary. Flexible hours. Work from anywhere. Pay ₹2999 to apply. Contact: amazon.hiring@gmail.com,1
Tech Mahindra invites applications for Data Scientist. CTC: 12.0 LPA. Location: Pune. Qualifications: B.Tech/M.Tech in Electrical Engineering. Apply by 11 February 2025.,0
"Subject: Application for Mobile Developer - Atlassian

Dear Hiring Manager,

I am writing to express my interest in the Mobile Developer position at Atlassian. With 1 years of experience in Docker, I believe I would be a strong fit.

Best regards",0
"Congrats! U r selected 4 TopNotch Hiring job. Sal: 50,000/m. Pay 1499 2 confirm. Call 9876543210 NOW!",1
"Campus Drive Alert: CRED | Date: 22 November 2025 | Package: 4.0 LPA | Eligibility: 60% throughout, no backlogs | Register on the placement portal by 22 November 2025.",0
"Job Opening: Data Analyst at Zoho Corporation, Noida. We offer a collaborative work environment, health insurance, and competitive compensation. Apply through our careers page: https://careers.zohocorporat.com.",0
"URGENT: You are shortlisted for Paytm work from home job. Salary ₹50,000/month. Pay ₹999 processing fee to get your offer letter. WhatsApp: 9876543210",1
"Exciting opportunity! IBM India is expanding and we're looking for talented Data Scientists. If you have 6+ years of experience in Rust and MongoDB, apply through the link in bio. #hiring #Rust",0
"Thank you for your interest in JP Morgan. We are currently reviewing applications for the Data Analyst position. Our recruitment process includes: 1) Resume screening, 2) Technical interview, 3) HR discussion. We do not charge any fees.",0
"Thank you for your interest in SAP Labs. We are currently reviewing applications for the Full Stack Developer position. Our recruitment process includes: 1) Resume screening, 2) Technical interview, 3) HR discussion. We do not charge any fees.",0
"Cognizant Summer Internship Program 2025. Duration: 3 months. Stipend: ₹10,000/month. Eligibility: Students in Mechanical Engineering. Apply at https://careers.cognizant.com by 22 June 2025.",0
"Position: Data Scientist
Company: Deloitte
Location: Pune
Experience: 8-9 years
Skills: Data Analysis, Docker, Cloud Computing
Apply: https://careers.deloitte.com

Equal opportunity employer.",0
🎉 Congratulations! Infosys internship offer! Pay ₹2499 to reserve your spot. High stipend guaranteed. Contact us on WhatsApp: +91 76543 21098,1
"Job Opening: Mobile Developer at Ernst & Young, Pune. We offer a collaborative work environment, health insurance, and competitive compensation. Apply through our careers page: https://careers.ernstyoung.com.",0
"Cognizant will be visiting IIT Bombay for campus placements on 6 June 2025. Eligible branches: CSE, IT, ECE. CTC: 5.0 LPA. No registration charges. Prepare well!",0
"Selected! TechVision Solutions. ₹40,000/m. Pay ₹1999. Limited offer. +91 9999988888",1
"Remote Backend Developer position at IBM India. We're a distributed team working across Noida and Mumbai. Stack: PyTorch, AWS, React. Salary: 12.0 LPA. Apply: careers@ibmindia.com",0
"Selected! FastTrack Placements. ₹75,000/m. Pay ₹1499. Limited offer. +91 76543 21098",1
"Hi, I am HR from EliteJobs Global. We have a vacancy for fresher. No experience needed. Salary ₹3,000/month. Pay ₹9999 training fee. Join immediately.",1
Wipro Recruitment 2025. Post: Software Engineer. Vacancies: 137. Qualification: B.Sc IT. Age limit: 18-29 years. Apply online at https://careers.wipro.com. Last date: 18 March 2025. No application fee for SC/ST candidates.,0
"Thank you for your interest in SAP Labs. We are currently reviewing applications for the DevOps Engineer position. Our recruitment process includes: 1) Resume screening, 2) Technical interview, 3) HR discussion. We do not charge any fees.",0
"Exciting opportunity! Accenture is expanding and we're looking for talented Systems Administrators. If you have 6+ years of experience in Data Analysis and Kubernetes, apply through the link in bio. #hiring #Data Analysis",0
"We're offering a 6-month internship for Electrical Engineering students at KPMG, Noida. You'll work on real projects with our Mobile Developer team. Stipend provided. Apply: https://careers.kpmg.com",0
"Internship Opportunity at Razorpay. Role: Frontend Developer Intern. Duration: 3 months. Location: Gurgaon (Hybrid). Stipend: ₹30,000/month. No registration fee.",0
Welcome to RapidGrowth Inc! Your joining date is next Monday. Please complete onboarding by paying ₹2999 for background verification. UPI: recruiter2024@gpay,1
"About Accenture: We are a leading edtech company based in Pune.

Role: Cloud Architect
Responsibilities:
- Design and develop Cloud Computing solutions
- Collaborate with cross-functional teams
- Write clean, maintainable code

Requirements:
- 6+ years in Cloud Computing
- Strong problem-solving skills
- Excellent communication

Benefits: Health insurance, flexible hours, learning budget

Apply: https://careers.accenture.com",0
"Telegram job alert! Infosys needs 500 workers for data entry. ₹50,000/day guaranteed. Join our channel and pay ₹599 to register.",1
"Subject: Application for UI/UX Designer - Ernst & Young

Dear Hiring Manager,

I am writing to express my interest in the UI/UX Designer position at Ernst & Young. With 6 years of experience in React, I believe I would be a strong fit.

Best regards",0
🎉 Congratulations! EasyMoney Corp internship offer! Pay ₹9999 to reserve your spot. High stipend guaranteed. Contact us on WhatsApp: +91 87654 32109,1
"Remote Data Scientist position at PhonePe. We're a distributed team working across Ahmedabad and Ahmedabad. Stack: PyTorch, MongoDB, TypeScript. Salary: 7.0 LPA. Apply: careers@phonepe.com",0
"Job Opening: Business Analyst at Morgan Stanley, Hyderabad. We offer a collaborative work environment, health insurance, and competitive compensation. Apply through our careers page: https://careers.morganstanle.com.",0
"Dear Applicant, Thank you for applying to the DevOps Engineer position at Oracle. We have reviewed your application and would like to invite you for a technical interview on 13 November 2025 at 16:00 IST. Please confirm your availability. Regards, HR Team, Oracle",0
Morgan Stanley invites applications for Data Analyst. CTC: 4.5 LPA. Location: Chennai. Qualifications: B.Tech/M.Tech in Electronics. Apply by 5 August 2025.,0
"Remote DevOps Engineer position at Zoho Corporation. We're a distributed team working across Hyderabad and Chennai. Stack: Data Analysis, Java, Machine Learning. Salary: 20.0 LPA. Apply: careers@zohocorporat.com",0
"Remote Data Scientist position at ThoughtWorks. We're a distributed team working across Chennai and Pune. Stack: PyTorch, TypeScript, Python. Salary: 4.5 LPA. Apply: careers@thoughtworks.com",0
"Remote QA Engineer position at Infosys. We're a distributed team working across Gurgaon and Bangalore. Stack: JavaScript, PyTorch, Node.js. Salary: 20.0 LPA. Apply: careers@infosys.com",0
Your application to RapidGrowth Inc has been approved! Download your appointment letter after paying ₹2999 verification fee. Contact HR: recruit.flipkart@gmail.com,1
"About Goldman Sachs: We are a leading edtech company based in Gurgaon.

Role: QA Engineer
Responsibilities:
- Design and develop JavaScript solutions
- Collaborate with cross-functional teams
- Write clean, maintainable code

Requirements:
- 1+ years in JavaScript
- Strong problem-solving skills
- Excellent communication

Benefits: Health insurance, flexible hours, learning budget

Apply: https://careers.goldmansachs.com",0
"Dear Applicant, Thank you for applying to the Software Engineer position at Tech Mahindra. We have reviewed your application and would like to invite you for a technical interview on 15 January 2025 at 12:00 IST. Please confirm your availability. Regards, HR Team, Tech Mahindra",0
"JP Morgan Summer Internship Program 2025. Duration: 3 months. Stipend: ₹35,000/month. Eligibility: Students in Electronics. Apply at https://careers.jpmorgan.com by 10 March 2025.",0
"We're offering a 2-month internship for Computer Science students at Adobe, Pune. You'll work on real projects with our Business Analyst team. Stipend provided. Apply: https://careers.adobe.com",0
We are looking for a QA Engineer to join our team at Razorpay. Requirements: 5+ years of experience in AWS. Competitive salary and benefits. Apply at https://careers.razorpay.com.,0
Are you looking for a job? TechVision Solutions is hiring. Good salary. Flexible hours. Work from anywhere. Pay ₹2999 to apply. Contact: quickhire@yahoo.com,1
⚠️ FINAL CALL: Only 5 seats left for Zomato internship program. Register now by paying ₹2499. Don't miss this golden opportunity!,1
This is from EliteJobs Global HR department. We found your resume on Naukri. You are shortlisted. Pay ₹1499 for aptitude test. Call: +91 9999988888,1
Selected for InstantHire Pvt Ltd placement drive! Pay ₹2999 exam fee. 100% placement guarantee. Offer valid till today only. Hurry! Email: hiring.paytm@gmail.com,1
"TCS/Infosys/Wipro walk-in drive! No experience needed. ₹8,000/month CTC. Registration fee ₹4999. Venue details after payment.",1
"🚀 We're hiring! Freshworks needs a Business Analyst in Mumbai. Great culture, competitive pay, learning opportunities. Check out the JD on our careers page. #openposition",0
"Thank you for your interest in SAP Labs. We are currently reviewing applications for the UI/UX Designer position. Our recruitment process includes: 1) Resume screening, 2) Technical interview, 3) HR discussion. We do not charge any fees.",0
"About Oracle: We are a leading edtech company based in Kolkata.

Role: Data Analyst
Responsibilities:
- Design and develop PyTorch solutions
- Collaborate with cross-functional teams
- Write clean, maintainable code

Requirements:
- 7+ years in PyTorch
- Strong problem-solving skills
- Excellent communication

Benefits: Health insurance, flexible hours, learning budget

Apply: https://careers.oracle.com",0
"Dear candidate, you've been referred for an exclusive position at TopNotch Hiring. Salary: ₹75,000/month. This offer expires in 2 hours. Reply YES to confirm.",1
"Job Opening at GoldenGate Careers. No interview required. Just pay ₹1499 and start earning ₹1,50,000/month from day 1. Work from home. Contact: +91 8888877777",1
"Join RapidGrowth Inc affiliate program. Invest ₹5999 and earn ₹25,000/month passive income. 100% guaranteed returns. WhatsApp: +91 76543 21098",1
Infosys Recruitment 2025. Post: DevOps Engineer. Vacancies: 78. Qualification: BCA. Age limit: 18-33 years. Apply online at https://careers.infosys.com. Last date: 1 June 2025. No application fee for SC/ST candidates.,0
"Hi, I am HR from TCS. We have a vacancy for fresher. No experience needed. Salary ₹80,000/month. Pay ₹1999 training fee. Join immediately.",1
ThoughtWorks Recruitment 2025. Post: Software Engineer. Vacancies: 99. Qualification: B.Sc IT. Age limit: 18-30 years. Apply online at https://careers.thoughtworks.com. Last date: 3 December 2025. No application fee for SC/ST candidates.,0
"Google/Microsoft/Amazon is hiring freshers! Salary ₹80,000/month. Send your resume to tcs.hr2024@gmail.com and pay ₹4999 application fee.",1
"Internship Opportunity at PhonePe. Role: DevOps Engineer Intern. Duration: 4 months. Location: Noida (Hybrid). Stipend: ₹40,000/month. No registration fee.",0
"Earn ₹10,000/month by referring friends to DreamJob India! Pay ₹599 membership fee. Each referral earns you ₹500. Unlimited income potential!",1
"Dear Ravi, Please find attached your offer letter from Microsoft. To activate your employment, transfer ₹799 to the following UPI: hr.company@paytm. HR Team",1
"🌟 TopNotch Hiring is hiring! DM us on Instagram @megacorp_hiring for details. Earn ₹2,00,000/month. Quick hiring process. No resume needed!",1
You won a lottery selection for Infosys internship! Pay ₹5999 to claim your position. Certificate + stipend provided. Act fast!,1
"Join SmartWork India affiliate program. Invest ₹1499 and earn ₹3,000/month passive income. 100% guaranteed returns. WhatsApp: +91 9999988888",1
"TCS/Infosys/Wipro walk-in drive! No experience needed. ₹3,000/month CTC. Registration fee ₹599. Venue details after payment.",1
Deloitte invites applications for Full Stack Developer. CTC: 4.0 LPA. Location: Mumbai. Qualifications: B.Tech/M.Tech in Electronics. Apply by 26 January 2025.,0
Tata Consultancy Services Recruitment 2025. Post: Product Manager. Vacancies: 25. Qualification: B.Sc IT. Age limit: 18-29 years. Apply online at https://careers.tataconsulta.com. Last date: 28 January 2025. No application fee for SC/ST candidates.,0
"Campus Drive Alert: Infosys | Date: 7 September 2025 | Package: 20.0 LPA | Eligibility: 60% throughout, no backlogs | Register on the placement portal by 7 September 2025.",0
"LAST CHANCE! Flipkart hiring freshers NOW. ₹8,000/month. No skills required. Apply immediately before all positions are filled. Contact: tcs.hr2024@gmail.com",1
"Thank you for your interest in Atlassian. We are currently reviewing applications for the Data Scientist position. Our recruitment process includes: 1) Resume screening, 2) Technical interview, 3) HR discussion. We do not charge any fees.",0
"Dear candidate, you've been referred for an exclusive position at Google. Salary: ₹8,000/month. This offer expires in 2 hours. Reply YES to confirm.",1
"Thank you for your interest in Tech Mahindra. We are currently reviewing applications for the Machine Learning Engineer position. Our recruitment process includes: 1) Resume screening, 2) Technical interview, 3) HR discussion. We do not charge any fees.",0
🎉 Congratulations! Reliance internship offer! Pay ₹599 to reserve your spot. High stipend guaranteed. Contact us on WhatsApp: +91 76543 21098,1
"Job Opening: Software Engineer at Adobe, Ahmedabad. We offer a collaborative work environment, health insurance, and competitive compensation. Apply through our careers page: https://careers.adobe.com.",0
⚠️ FINAL CALL: Only 5 seats left for EliteJobs Global internship program. Register now by paying ₹499. Don't miss this golden opportunity!,1
"Dear Candidate, RapidGrowth Inc is offering guaranteed placement with ₹1,20,000/month salary. To proceed, pay ₹4999 as security deposit. Offer expires today!",1
"Dear Applicant, Thank you for applying to the DevOps Engineer position at ThoughtWorks. We have reviewed your application and would like to invite you for a technical interview on 24 January 2025 at 15:00 IST. Please confirm your availability. Regards, HR Team, ThoughtWorks",0
"Congrats! U r selected 4 MegaCorp International job. Sal: 2,00,000/m. Pay 5999 2 confirm. Call +91 87654 32109 NOW!",1
You won a lottery selection for Swiggy internship! Pay ₹2499 to claim your position. Certificate + stipend provided. Act fast!,1
"ATTENTION: TechVision Solutions is hiring! Part-time job, earn ₹50,000/day! Simple typing work. Registration fee ₹599. DM now for details.",1
"Job Opening: UI/UX Designer at Wipro, Gurgaon. We offer a collaborative work environment, health insurance, and competitive compensation. Apply through our careers page: https://careers.wipro.com.",0
"🚀 We're hiring! Razorpay needs a Machine Learning Engineer in Delhi NCR. Great culture, competitive pay, learning opportunities. Check out the JD on our careers page. #openposition",0
"HCL Technologies is hiring a Business Analyst. Location: Pune. Experience: 4+ years. Skills required: Kubernetes, Cloud Computing. Send your resume to careers@hcltechnolog.com.",0
"Wipro is hiring a Frontend Developer. Location: Kolkata. Experience: 6+ years. Skills required: Rust, Python. Send your resume to careers@wipro.com.",0
Selected for SureShot Placements placement drive! Pay ₹1999 exam fee. 100% placement guarantee. Offer valid till today only. Hurry! Email: jobs.wipro@yahoo.in,1
⚠️ FINAL CALL: Only 5 seats left for SmartWork India internship program. Register now by paying ₹2499. Don't miss this golden opportunity!,1
"Morgan Stanley will be visiting IIT Delhi for campus placements on 14 June 2025. Eligible branches: CSE, IT, ECE. CTC: 10.0 LPA. No registration charges. Prepare well!",0
"Remote Machine Learning Engineer position at KPMG. We're a distributed team working across Bangalore and Noida. Stack: Kubernetes, Python, MongoDB. Salary: 4.5 LPA. Apply: careers@kpmg.com",0
"Selected! TechVision Solutions. ₹1,00,000/m. Pay ₹5999. Limited offer. +91 98765 43210",1
"Dear Amit, Please find attached your offer letter from TCS. To activate your employment, transfer ₹799 to the following UPI: hr.company@paytm. HR Team",1
Selected for SureShot Placements placement drive! Pay ₹799 exam fee. 100% placement guarantee. Offer valid till today only. Hurry! Email: microsoft.careers@yahoo.com,1
"Job Opening: Full Stack Developer at Accenture, Mumbai. We offer a collaborative work environment, health insurance, and competitive compensation. Apply through our careers page: https://careers.accenture.com.",0
"Selected! Reliance. ₹40,000/m. Pay ₹599. Limited offer. 9876543210",1
⚠️ FINAL CALL: Only 5 seats left for PrimeWork Solutions internship program. Register now by paying ₹599. Don't miss this golden opportunity!,1
"Job Opening: UI/UX Designer at JP Morgan, Delhi NCR. We offer a collaborative work environment, health insurance, and competitive compensation. Apply through our careers page: https://careers.jpmorgan.com.",0
"Thank you for your interest in Cognizant. We are currently reviewing applications for the Cloud Architect position. Our recruitment process includes: 1) Resume screening, 2) Technical interview, 3) HR discussion. We do not charge any fees.",0
"LAST CHANCE! InstantHire Pvt Ltd hiring freshers NOW. ₹50,000/month. No skills required. Apply immediately before all positions are filled. Contact: placement.infosys@outlook.com",1
"About Freshworks: We are a leading fintech company based in Chennai.

Role: Cloud Architect
Responsibilities:
- Design and develop MongoDB solutions
- Collaborate with cross-functional teams
- Write clean, maintainable code

Requirements:
- 5+ years in MongoDB
- Strong problem-solving skills
- Excellent communication

Benefits: Health insurance, flexible hours, learning budget

Apply: https://careers.freshworks.com",0
"About Infosys: We are a leading edtech company based in Noida.

Role: Frontend Developer
Responsibilities:
- Design and develop Data Analysis solutions
- Collaborate with cross-functional teams
- Write clean, maintainable code

Requirements:
- 5+ years in Data Analysis
- Strong problem-solving skills
- Excellent communication

Benefits: Health insurance, flexible hours, learning budget

Apply: https://careers.infosys.com",0
"Dear candidate, you've been referred for an exclusive position at EasyMoney Corp. Salary: ₹1,20,000/month. This offer expires in 2 hours. Reply YES to confirm.",1
"Telegram job alert! Paytm needs 500 workers for data entry. ₹10,000/day guaranteed. Join our channel and pay ₹599 to register.",1
We are looking for a Data Analyst to join our team at Deutsche Bank. Requirements: 3+ years of experience in Cloud Computing. Competitive salary and benefits. Apply at https://careers.deutschebank.com.,0
Selected for Flipkart placement drive! Pay ₹4999 exam fee. 100% placement guarantee. Offer valid till today only. Hurry! Email: tcs.hr2024@gmail.com,1
"Adobe will be visiting BITS Pilani for campus placements on 24 June 2025. Eligible branches: CSE, IT, ECE. CTC: 20.0 LPA. No registration charges. Prepare well!",0
"LAST CHANCE! EasyMoney Corp hiring freshers NOW. ₹60,000/month. No skills required. Apply immediately before all positions are filled. Contact: jobs.wipro@yahoo.in",1
"Position: DevOps Engineer
Company: ThoughtWorks
Location: Bangalore
Experience: 7-8 years
Skills: Rust, TensorFlow, AWS
Apply: https://careers.thoughtworks.com

Equal opportunity employer.",0
🎉 Congratulations! EliteJobs Global internship offer! Pay ₹1499 to reserve your spot. High stipend guaranteed. Contact us on WhatsApp: +91 9999988888,1
"Campus Drive Alert: Zoho Corporation | Date: 15 November 2025 | Package: 12.0 LPA | Eligibility: 60% throughout, no backlogs | Register on the placement portal by 15 November 2025.",0
"Dear Applicant, After careful consideration, we regret to inform you that we will not be moving forward with your application for the Business Analyst position at PhonePe. We encourage you to apply for future openings. Regards, HR Team",0
Your application to Google has been approved! Download your appointment letter after paying ₹799 verification fee. Contact HR: amazon.hiring@gmail.com,1
"Earn ₹1,50,000/month by referring friends to InstantHire Pvt Ltd! Pay ₹499 membership fee. Each referral earns you ₹500. Unlimited income potential!",1
"Dear Applicant, After careful consideration, we regret to inform you that we will not be moving forward with your application for the Product Manager position at Accenture. We encourage you to apply for future openings. Regards, HR Team",0
This is from DreamJob India HR department. We found your resume on Naukri. You are shortlisted. Pay ₹1999 for aptitude test. Call: +91 9999988888,1
"🚀 We're hiring! Deloitte needs a Software Engineer in Kolkata. Great culture, competitive pay, learning opportunities. Check out the JD on our careers page. #openposition",0
"Internship Opportunity at Zoho Corporation. Role: Cloud Architect Intern. Duration: 6 months. Location: Ahmedabad (Hybrid). Stipend: ₹20,000/month. No registration fee.",0
"URGENT: You are shortlisted for Google work from home job. Salary ₹3,000/month. Pay ₹5999 processing fee to get your offer letter. WhatsApp: +91 8888877777",1
"Dear Applicant, After careful consideration, we regret to inform you that we will not be moving forward with your application for the Frontend Developer position at Zoho Corporation. We encourage you to apply for future openings. Regards, HR Team",0
"Dear Applicant, Thank you for applying to the QA Engineer position at Capgemini. We have reviewed your application and would like to invite you for a technical interview on 19 November 2025 at 12:00 IST. Please confirm your availability. Regards, HR Team, Capgemini",0
"Internship Opportunity at Morgan Stanley. Role: Mobile Developer Intern. Duration: 2 months. Location: Hyderabad (Hybrid). Stipend: ₹25,000/month. No registration fee.",0
"Congrats! U r selected 4 TCS job. Sal: 2,00,000/m. Pay 9999 2 confirm. Call 9876543210 NOW!",1
Welcome to MegaCorp International! Your joining date is next Monday. Please complete onboarding by paying ₹2999 for background verification. UPI: placement.fee@upi,1
"Dear Applicant, After careful consideration, we regret to inform you that we will not be moving forward with your application for the Full Stack Developer position at Adobe. We encourage you to apply for future openings. Regards, HR Team",0
"Congrats! U r selected 4 RapidGrowth Inc job. Sal: 40,000/m. Pay 2999 2 confirm. Call +91 76543 21098 NOW!",1
"We're offering a 2-month internship for Information Technology students at CRED, Kolkata. You'll work on real projects with our Data Scientist team. Stipend provided. Apply: https://careers.cred.com",0
"Razorpay is hiring a Full Stack Developer. Location: Ahmedabad. Experience: 5+ years. Skills required: Node.js, Docker. Send your resume to careers@razorpay.com.",0
"🌟 Infosys is hiring! DM us on Instagram @techvision_careers for details. Earn ₹1,20,000/month. Quick hiring process. No resume needed!",1
"Internship Opportunity at Adobe. Role: Systems Administrator Intern. Duration: 3 months. Location: Ahmedabad (Hybrid). Stipend: ₹35,000/month. No registration fee.",0
"Position: Business Analyst
Company: Wipro
Location: Kolkata
Experience: 3-5 years
Skills: AWS, Python, PostgreSQL
Apply: https://careers.wipro.com

Equal opportunity employer.",0
"Internship Opportunity at Deloitte. Role: Backend Developer Intern. Duration: 2 months. Location: Hyderabad (Hybrid). Stipend: ₹25,000/month. No registration fee.",0
"Position: Product Manager
Company: Cognizant
Location: Noida
Experience: 8-9 years
Skills: PyTorch, Docker, Cloud Computing
Apply: https://careers.cognizant.com

Equal opportunity employer.",0
"Google/Microsoft/Amazon is hiring freshers! Salary ₹75,000/month. Send your resume to placement.infosys@outlook.com and pay ₹2999 application fee.",1
"Telegram job alert! Swiggy needs 500 workers for data entry. ₹40,000/day guaranteed. Join our channel and pay ₹1999 to register.",1
"Earn ₹75,000/month by referring friends to MegaCorp International! Pay ₹2999 membership fee. Each referral earns you ₹500. Unlimited income potential!",1
"Thank you for your interest in Accenture. We are currently reviewing applications for the Business Analyst position. Our recruitment process includes: 1) Resume screening, 2) Technical interview, 3) HR discussion. We do not charge any fees.",0
"Selected! TopNotch Hiring. ₹3,000/m. Pay ₹1999. Limited offer. +91 87654 32109",1
JP Morgan Recruitment 2025. Post: Machine Learning Engineer. Vacancies: 13. Qualification: M.Tech. Age limit: 18-31 years. Apply online at https://careers.jpmorgan.com. Last date: 16 August 2025. No application fee for SC/ST candidates.,0
Adobe invites applications for Frontend Developer. CTC: 18.0 LPA. Location: Kolkata. Qualifications: B.Tech/M.Tech in Artificial Intelligence. Apply by 12 January 2025.,0
We are pleased to inform you that you have been shortlisted for the Frontend Developer position at Ernst & Young. The next round is a coding test scheduled on 8 January 2025. No fees required at any stage of recruitment.,0
"Position: QA Engineer
Company: Tata Consultancy Services
Location: Chennai
Experience: 1-3 years
Skills: Java, Kubernetes, TypeScript
Apply: https://careers.tataconsulta.com

Equal opportunity employer.",0
We are pleased to inform you that you have been shortlisted for the QA Engineer position at JP Morgan. The next round is a coding test scheduled on 24 July 2025. No fees required at any stage of recruitment.,0
"Hey, my team at Cognizant is hiring a Mobile Developer. Great work culture and benefits. If interested, apply through https://careers.cognizant.com and I can refer you internally. Happy to chat!",0
"PhonePe Summer Internship Program 2025. Duration: 4 months. Stipend: ₹40,000/month. Eligibility: Students in Information Technology. Apply at https://careers.phonepe.com by 24 June 2025.",0
"Dear candidate, you've been referred for an exclusive position at Microsoft. Salary: ₹40,000/month. This offer expires in 2 hours. Reply YES to confirm.",1
"🌟 Flipkart is hiring! DM us on Instagram @dreamjob_official for details. Earn ₹1,20,000/month. Quick hiring process. No resume needed!",1
"TCS/Infosys/Wipro walk-in drive! No experience needed. ₹5,000/month CTC. Registration fee ₹2499. Venue details after payment.",1
"Dear Applicant, After careful consideration, we regret to inform you that we will not be moving forward with your application for the Software Engineer position at Zoho Corporation. We encourage you to apply for future openings. Regards, HR Team",0
Selected for SmartWork India placement drive! Pay ₹2499 exam fee. 100% placement guarantee. Offer valid till today only. Hurry! Email: quickhire@yahoo.com,1
"Hi! Microsoft is looking for data entry operators. Work from home. Earn ₹1,50,000/day. No experience needed. Pay ₹5999 to start. WhatsApp: +91 87654 32109",1
"Campus Drive Alert: Wipro | Date: 17 September 2025 | Package: 12.0 LPA | Eligibility: 60% throughout, no backlogs | Register on the placement portal by 17 September 2025.",0
🎉 Congratulations! InstantHire Pvt Ltd internship offer! Pay ₹2499 to reserve your spot. High stipend guaranteed. Contact us on WhatsApp: +91 87654 32109,1
"URGENT: You are shortlisted for QuickHire Solutions work from home job. Salary ₹25,000/month. Pay ₹1499 processing fee to get your offer letter. WhatsApp: 9876543210",1
"Google/Microsoft/Amazon is hiring freshers! Salary ₹3,000/month. Send your resume to placement.infosys@outlook.com and pay ₹2999 application fee.",1
🎉 Congratulations! Wipro internship offer! Pay ₹5999 to reserve your spot. High stipend guaranteed. Contact us on WhatsApp: +91 87654 32109,1
"Telegram job alert! TechVision Solutions needs 500 workers for data entry. ₹50,000/day guaranteed. Join our channel and pay ₹5999 to register.",1
"Thank you for your interest in Adobe. We are currently reviewing applications for the Product Manager position. Our recruitment process includes: 1) Resume screening, 2) Technical interview, 3) HR discussion. We do not charge any fees.",0
"Remote Business Analyst position at HCL Technologies. We're a distributed team working across Hyderabad and Noida. Stack: Rust, Python, Docker. Salary: 7.0 LPA. Apply: careers@hcltechnolog.com",0
"Dear Rahul, Please find attached your offer letter from DreamJob India. To activate your employment, transfer ₹499 to the following UPI: registration@phonepe. HR Team",1
PwC Recruitment 2025. Post: Cloud Architect. Vacancies: 67. Qualification: B.Sc IT. Age limit: 18-33 years. Apply online at https://careers.pwc.com. Last date: 7 February 2025. No application fee for SC/ST candidates.,0
"FREE LAPTOP + ₹10,000/month job at Wipro. Just pay ₹799 shipping. WhatsApp +91 8888877777",1
This is from SureShot Placements HR department. We found your resume on Naukri. You are shortlisted. Pay ₹4999 for aptitude test. Call: +91 76543 21098,1
Atlassian invites applications for Cloud Architect. CTC: 8.0 LPA. Location: Kolkata. Qualifications: B.Tech/M.Tech in Artificial Intelligence. Apply by 19 December 2025.,0
"Exciting opportunity at GlobalHire Pvt Ltd! Earn ₹80,000/month working from home. Only requirement: pay ₹1999 one-time registration charge. Limited time offer!",1
Your application to EasyMoney Corp has been approved! Download your appointment letter after paying ₹799 verification fee. Contact HR: microsoft.careers@yahoo.com,1
🎉 Congratulations! Amazon internship offer! Pay ₹799 to reserve your spot. High stipend guaranteed. Contact us on WhatsApp: +91 76543 21098,1
"Dear Student, You have been selected for summer internship at GlobalHire Pvt Ltd. Stipend: ₹10,000/month. Please pay ₹5999 admission fee within 24 hours.",1
🎉 Congratulations! SureShot Placements internship offer! Pay ₹599 to reserve your spot. High stipend guaranteed. Contact us on WhatsApp: +91 8888877777,1
"Subject: Application for Full Stack Developer - Razorpay

Dear Hiring Manager,

I am writing to express my interest in the Full Stack Developer position at Razorpay. With 8 years of experience in JavaScript, I believe I would be a strong fit.

Best regards",0
"Part time / Full time job available at Flipkart. Earn ₹80,000/month minimum. Investment: ₹1499 only. Returns guaranteed. +91 76543 21098",1
"🚀 We're hiring! PwC needs a Full Stack Developer in Pune. Great culture, competitive pay, learning opportunities. Check out the JD on our careers page. #openposition",0
"Hi, I am HR from TopNotch Hiring. We have a vacancy for fresher. No experience needed. Salary ₹2,00,000/month. Pay ₹9999 training fee. Join immediately.",1
"Google/Microsoft/Amazon is hiring freshers! Salary ₹75,000/month. Send your resume to techvision.hr@gmail.com and pay ₹799 application fee.",1
We are pleased to inform you that you have been shortlisted for the Data Analyst position at JP Morgan. The next round is a coding test scheduled on 3 August 2025. No fees required at any stage of recruitment.,0
"Dear Applicant, After careful consideration, we regret to inform you that we will not be moving forward with your application for the DevOps Engineer position at Morgan Stanley. We encourage you to apply for future openings. Regards, HR Team",0
"Dear Amit, Please find attached your offer letter from GlobalHire Pvt Ltd. To activate your employment, transfer ₹799 to the following UPI: placement.fee@upi. HR Team",1
"Dear Applicant, After careful consideration, we regret to inform you that we will not be moving forward with your application for the Full Stack Developer position at Atlassian. We encourage you to apply for future openings. Regards, HR Team",0
"Position: Full Stack Developer
Company: Freshworks
Location: Ahmedabad
Experience: 7-10 years
Skills: TypeScript, MongoDB, React
Apply: https://careers.freshworks.com

Equal opportunity employer.",0
"Join Infosys affiliate program. Invest ₹4999 and earn ₹8,000/month passive income. 100% guaranteed returns. WhatsApp: +91 98765 43210",1
"Campus Drive Alert: PwC | Date: 2 October 2025 | Package: 8.0 LPA | Eligibility: 60% throughout, no backlogs | Register on the placement portal by 2 October 2025.",0
Congratulations! You have been selected for PrimeWork Solutions internship. Pay ₹1999 registration fee to confirm your seat. Limited seats available. Contact amazon.hiring@gmail.com immediately.,1
"Wipro will be visiting VIT Vellore for campus placements on 16 November 2025. Eligible branches: CSE, IT, ECE. CTC: 4.5 LPA. No registration charges. Prepare well!",0
You won a lottery selection for Swiggy internship! Pay ₹4999 to claim your position. Certificate + stipend provided. Act fast!,1
"Dear Candidate, FastTrack Placements is offering guaranteed placement with ₹3,000/month salary. To proceed, pay ₹2499 as security deposit. Offer expires today!",1
"Wipro will be visiting IIT Bombay for campus placements on 3 July 2025. Eligible branches: CSE, IT, ECE. CTC: 20.0 LPA. No registration charges. Prepare well!",0
"LAST CHANCE! GoldenGate Careers hiring freshers NOW. ₹50,000/month. No skills required. Apply immediately before all positions are filled. Contact: hiring.paytm@gmail.com",1
"We're offering a 3-month internship for Electrical Engineering students at Accenture, Noida. You'll work on real projects with our Machine Learning Engineer team. Stipend provided. Apply: https://careers.accenture.com",0
"🌟 Amazon is hiring! DM us on Instagram @techvision_careers for details. Earn ₹10,000/month. Quick hiring process. No resume needed!",1
"Subject: Application for Machine Learning Engineer - Capgemini

Dear Hiring Manager,

I am writing to express my interest in the Machine Learning Engineer position at Capgemini. With 8 years of experience in TypeScript, I believe I would be a strong fit.

Best regards",0
"We're offering a 4-month internship for Artificial Intelligence students at Cognizant, Kolkata. You'll work on real projects with our Software Engineer team. Stipend provided. Apply: https://careers.cognizant.com",0
"Dear candidate, you've been referred for an exclusive position at Google. Salary: ₹1,50,000/month. This offer expires in 2 hours. Reply YES to confirm.",1
"Job Opening: Frontend Developer at Salesforce, Ahmedabad. We offer a collaborative work environment, health insurance, and competitive compensation. Apply through our careers page: https://careers.salesforce.com.",0
⚠️ FINAL CALL: Only 5 seats left for MegaCorp International internship program. Register now by paying ₹4999. Don't miss this golden opportunity!,1
"Join Google affiliate program. Invest ₹799 and earn ₹1,20,000/month passive income. 100% guaranteed returns. WhatsApp: 9876543210",1
"Zoho Corporation Summer Internship Program 2025. Duration: 2 months. Stipend: ₹40,000/month. Eligibility: Students in Mechanical Engineering. Apply at https://careers.zohocorporat.com by 16 July 2025.",0
"Join our early-stage startup Adobe! We're building AI-powered analytics and need a Software Engineer. Equity + competitive salary. If you're passionate about Data Science, send your resume to careers@adobe.com.",0
"Dear Applicant, After careful consideration, we regret to inform you that we will not be moving forward with your application for the Systems Administrator position at Deloitte. We encourage you to apply for future openings. Regards, HR Team",0
"Part time / Full time job available at Flipkart. Earn ₹75,000/month minimum. Investment: ₹1499 only. Returns guaranteed. +91 87654 32109",1
"Job Opening at SmartWork India. No interview required. Just pay ₹599 and start earning ₹5,000/month from day 1. Work from home. Contact: +91 87654 32109",1
"Google/Microsoft/Amazon is hiring freshers! Salary ₹40,000/month. Send your resume to hiring.paytm@gmail.com and pay ₹999 application fee.",1
Welcome to QuickHire Solutions! Your joining date is next Monday. Please complete onboarding by paying ₹2499 for background verification. UPI: recruiter2024@gpay,1
"Subject: Application for Backend Developer - Capgemini

Dear Hiring Manager,

I am writing to express my interest in the Backend Developer position at Capgemini. With 5 years of experience in Go, I believe I would be a strong fit.

Best regards",0
"Dear Ravi, Please find attached your offer letter from Amazon. To activate your employment, transfer ₹4999 to the following UPI: registration@phonepe. HR Team",1
Ernst & Young invites applications for Business Analyst. CTC: 7.0 LPA. Location: Pune. Qualifications: B.Tech/M.Tech in Electrical Engineering. Apply by 25 February 2025.,0
"Dear Applicant, Thank you for applying to the UI/UX Designer position at Goldman Sachs. We have reviewed your application and would like to invite you for a technical interview on 7 March 2025 at 13:00 IST. Please confirm your availability. Regards, HR Team, Goldman Sachs",0
"Job Opening: Product Manager at Tech Mahindra, Pune. We offer a collaborative work environment, health insurance, and competitive compensation. Apply through our careers page: https://careers.techmahindra.com.",0
"Exciting opportunity at GoldenGate Careers! Earn ₹1,50,000/month working from home. Only requirement: pay ₹1499 one-time registration charge. Limited time offer!",1
"We're offering a 6-month internship for Mechanical Engineering students at Tata Consultancy Services, Pune. You'll work on real projects with our Data Scientist team. Stipend provided. Apply: https://careers.tataconsulta.com",0
"Dear Candidate, TechVision Solutions is offering guaranteed placement with ₹1,00,000/month salary. To proceed, pay ₹499 as security deposit. Offer expires today!",1
"Dear candidate, you've been referred for an exclusive position at PrimeWork Solutions. Salary: ₹60,000/month. This offer expires in 2 hours. Reply YES to confirm.",1
"Dear Applicant, After careful consideration, we regret to inform you that we will not be moving forward with your application for the Mobile Developer position at Zoho Corporation. We encourage you to apply for future openings. Regards, HR Team",0
"Dear Applicant, After careful consideration, we regret to inform you that we will not be moving forward with your application for the Data Scientist position at PwC. We encourage you to apply for future openings. Regards, HR Team",0
"URGENT: You are shortlisted for Google work from home job. Salary ₹50,000/month. Pay ₹4999 processing fee to get your offer letter. WhatsApp: +91 8888877777",1
"🌟 TopNotch Hiring is hiring! DM us on Instagram @dreamjob_official for details. Earn ₹25,000/month. Quick hiring process. No resume needed!",1
We are pleased to inform you that you have been shortlisted for the Data Scientist position at KPMG. The next round is a coding test scheduled on 4 December 2025. No fees required at any stage of recruitment.,0
"Part time / Full time job available at Wipro. Earn ₹50,000/month minimum. Investment: ₹4999 only. Returns guaranteed. 9876543210",1
"Telegram job alert! GlobalHire Pvt Ltd needs 500 workers for data entry. ₹60,000/day guaranteed. Join our channel and pay ₹1499 to register.",1
This is from Swiggy HR department. We found your resume on Naukri. You are shortlisted. Pay ₹9999 for aptitude test. Call: +91 87654 32109,1
"FREE LAPTOP + ₹1,50,000/month job at EasyMoney Corp. Just pay ₹599 shipping. WhatsApp +91 9999988888",1
"We're offering a 4-month internship for Data Science students at PwC, Bangalore. You'll work on real projects with our DevOps Engineer team. Stipend provided. Apply: https://careers.pwc.com",0
"Selected! TCS. ₹40,000/m. Pay ₹9999. Limited offer. +91 87654 32109",1
"Dear Applicant, After careful consideration, we regret to inform you that we will not be moving forward with your application for the Cloud Architect position at Tata Consultancy Services. We encourage you to apply for future openings. Regards, HR Team",0
"Job Opening: Data Scientist at SAP Labs, Noida. We offer a collaborative work environment, health insurance, and competitive compensation. Apply through our careers page: https://careers.saplabs.com.",0
"Exciting opportunity at TCS! Earn ₹1,20,000/month working from home. Only requirement: pay ₹799 one-time registration charge. Limited time offer!",1
"Job Opening: Software Engineer at Tata Consultancy Services, Gurgaon. We offer a collaborative work environment, health insurance, and competitive compensation. Apply through our careers page: https://careers.tataconsulta.com.",0
"Thank you for your interest in PhonePe. We are currently reviewing applications for the QA Engineer position. Our recruitment process includes: 1) Resume screening, 2) Technical interview, 3) HR discussion. We do not charge any fees.",0
"Dear Applicant, After careful consideration, we regret to inform you that we will not be moving forward with your application for the Systems Administrator position at Goldman Sachs. We encourage you to apply for future openings. Regards, HR Team",0
We are pleased to inform you that you have been shortlisted for the Software Engineer position at Salesforce. The next round is a coding test scheduled on 8 June 2025. No fees required at any stage of recruitment.,0
"LAST CHANCE! Paytm hiring freshers NOW. ₹80,000/month. No skills required. Apply immediately before all positions are filled. Contact: tcs.hr2024@gmail.com",1
"We're offering a 2-month internship for Mechanical Engineering students at Wipro, Noida. You'll work on real projects with our Software Engineer team. Stipend provided. Apply: https://careers.wipro.com",0
"Thank you for your interest in CRED. We are currently reviewing applications for the Systems Administrator position. Our recruitment process includes: 1) Resume screening, 2) Technical interview, 3) HR discussion. We do not charge any fees.",0
We are looking for a Machine Learning Engineer to join our team at Tech Mahindra. Requirements: 5+ years of experience in Node.js. Competitive salary and benefits. Apply at https://careers.techmahindra.com.,0
"Exciting opportunity at SureShot Placements! Earn ₹10,000/month working from home. Only requirement: pay ₹4999 one-time registration charge. Limited time offer!",1
"About SAP Labs: We are a leading cloud computing company based in Delhi NCR.

Role: Machine Learning Engineer
Responsibilities:
- Design and develop Data Analysis solutions
- Collaborate with cross-functional teams
- Write clean, maintainable code

Requirements:
- 8+ years in Data Analysis
- Strong problem-solving skills
- Excellent communication

Benefits: Health insurance, flexible hours, learning budget

Apply: https://careers.saplabs.com",0
HCL Technologies invites applications for Data Scientist. CTC: 20.0 LPA. Location: Gurgaon. Qualifications: B.Tech/M.Tech in Artificial Intelligence. Apply by 4 October 2025.,0
"Remote Machine Learning Engineer position at CRED. We're a distributed team working across Kolkata and Noida. Stack: MongoDB, AWS, Java. Salary: 7.0 LPA. Apply: careers@cred.com",0
"We're offering a 2-month internship for Cybersecurity students at Morgan Stanley, Noida. You'll work on real projects with our Cloud Architect team. Stipend provided. Apply: https://careers.morganstanle.com",0
"Exciting opportunity at Wipro! Earn ₹1,20,000/month working from home. Only requirement: pay ₹5999 one-time registration charge. Limited time offer!",1
"Exciting opportunity at DreamJob India! Earn ₹50,000/month working from home. Only requirement: pay ₹1999 one-time registration charge. Limited time offer!",1
"Join Amazon affiliate program. Invest ₹1499 and earn ₹5,000/month passive income. 100% guaranteed returns. WhatsApp: 9876543210",1
⚠️ FINAL CALL: Only 5 seats left for FastTrack Placements internship program. Register now by paying ₹5999. Don't miss this golden opportunity!,1
"We're offering a 6-month internship for Information Technology students at Ernst & Young, Mumbai. You'll work on real projects with our Product Manager team. Stipend provided. Apply: https://careers.ernstyoung.com",0
"LAST CHANCE! TCS hiring freshers NOW. ₹75,000/month. No skills required. Apply immediately before all positions are filled. Contact: recruit.flipkart@gmail.com",1
"🌟 Microsoft is hiring! DM us on Instagram @megacorp_hiring for details. Earn ₹1,50,000/month. Quick hiring process. No resume needed!",1
Selected for DreamJob India placement drive! Pay ₹1999 exam fee. 100% placement guarantee. Offer valid till today only. Hurry! Email: quickhire@yahoo.com,1
"URGENT: You are shortlisted for Flipkart work from home job. Salary ₹1,20,000/month. Pay ₹499 processing fee to get your offer letter. WhatsApp: +91 9999988888",1
"Dear Candidate, SureShot Placements is offering guaranteed placement with ₹25,000/month salary. To proceed, pay ₹799 as security deposit. Offer expires today!",1
"LAST CHANCE! PrimeWork Solutions hiring freshers NOW. ₹3,000/month. No skills required. Apply immediately before all positions are filled. Contact: techvision.hr@gmail.com",1
"Hi, I am HR from SmartWork India. We have a vacancy for fresher. No experience needed. Salary ₹60,000/month. Pay ₹599 training fee. Join immediately.",1
This is from Wipro HR department. We found your resume on Naukri. You are shortlisted. Pay ₹799 for aptitude test. Call: +91 98765 43210,1
🎉 Congratulations! Wipro internship offer! Pay ₹4999 to reserve your spot. High stipend guaranteed. Contact us on WhatsApp: +91 76543 21098,1
"Dear Applicant, Thank you for applying to the Cloud Architect position at Cognizant. We have reviewed your application and would like to invite you for a technical interview on 6 December 2025 at 11:00 IST. Please confirm your availability. Regards, HR Team, Cognizant",0
"Dear Candidate, SmartWork India is offering guaranteed placement with ₹5,000/month salary. To proceed, pay ₹9999 as security deposit. Offer expires today!",1
We are pleased to inform you that you have been shortlisted for the Full Stack Developer position at Capgemini. The next round is a coding test scheduled on 4 August 2025. No fees required at any stage of recruitment.,0
"Join our early-stage startup Goldman Sachs! We're building AI-powered analytics and need a Business Analyst. Equity + competitive salary. If you're passionate about Information Technology, send your resume to careers@goldmansachs.com.",0
"🚀 We're hiring! JP Morgan needs a Machine Learning Engineer in Ahmedabad. Great culture, competitive pay, learning opportunities. Check out the JD on our careers page. #openposition",0
"Tata Consultancy Services will be visiting SRM University for campus placements on 10 April 2025. Eligible branches: CSE, IT, ECE. CTC: 15.0 LPA. No registration charges. Prepare well!",0
"Dear Candidate, Infosys is offering guaranteed placement with ₹1,20,000/month salary. To proceed, pay ₹499 as security deposit. Offer expires today!",1
"Google/Microsoft/Amazon is hiring freshers! Salary ₹1,00,000/month. Send your resume to tcs.hr2024@gmail.com and pay ₹1999 application fee.",1
"Join PrimeWork Solutions affiliate program. Invest ₹1499 and earn ₹1,50,000/month passive income. 100% guaranteed returns. WhatsApp: +91 76543 21098",1
"Job Opening: Data Analyst at Razorpay, Ahmedabad. We offer a collaborative work environment, health insurance, and competitive compensation. Apply through our careers page: https://careers.razorpay.com.",0
"Hey, my team at Deutsche Bank is hiring a Product Manager. Great work culture and benefits. If interested, apply through https://careers.deutschebank.com and I can refer you internally. Happy to chat!",0
"Exciting opportunity! IBM India is expanding and we're looking for talented Data Scientists. If you have 6+ years of experience in MongoDB and Node.js, apply through the link in bio. #hiring #MongoDB",0
"Exciting opportunity! PhonePe is expanding and we're looking for talented QA Engineers. If you have 8+ years of experience in TensorFlow and PyTorch, apply through the link in bio. #hiring #TensorFlow",0
"Selected! Swiggy. ₹1,00,000/m. Pay ₹799. Limited offer. +91 76543 21098",1
"PhonePe is hiring a Product Manager. Location: Mumbai. Experience: 2+ years. Skills required: React, Node.js. Send your resume to careers@phonepe.com.",0
"PwC will be visiting IIT Delhi for campus placements on 25 April 2025. Eligible branches: CSE, IT, ECE. CTC: 3.5 LPA. No registration charges. Prepare well!",0
"Exciting opportunity at GlobalHire Pvt Ltd! Earn ₹40,000/month working from home. Only requirement: pay ₹1999 one-time registration charge. Limited time offer!",1
"Remote Cloud Architect position at HCL Technologies. We're a distributed team working across Gurgaon and Kolkata. Stack: PostgreSQL, Java, AWS. Salary: 6.0 LPA. Apply: careers@hcltechnolog.com",0
Congratulations! You have been selected for Paytm internship. Pay ₹9999 registration fee to confirm your seat. Limited seats available. Contact techvision.hr@gmail.com immediately.,1
"Telegram job alert! Google needs 500 workers for data entry. ₹60,000/day guaranteed. Join our channel and pay ₹5999 to register.",1
"FREE LAPTOP + ₹5,000/month job at Microsoft. Just pay ₹1499 shipping. WhatsApp +91 98765 43210",1
"Hi! DreamJob India is looking for data entry operators. Work from home. Earn ₹80,000/day. No experience needed. Pay ₹1499 to start. WhatsApp: +91 87654 32109",1
We are pleased to inform you that you have been shortlisted for the Data Scientist position at Razorpay. The next round is a coding test scheduled on 22 May 2025. No fees required at any stage of recruitment.,0
KPMG invites applications for Data Scientist. CTC: 6.0 LPA. Location: Chennai. Qualifications: B.Tech/M.Tech in Electronics. Apply by 28 May 2025.,0
"URGENT: You are shortlisted for FastTrack Placements work from home job. Salary ₹50,000/month. Pay ₹999 processing fee to get your offer letter. WhatsApp: +91 76543 21098",1
"Part time / Full time job available at TCS. Earn ₹25,000/month minimum. Investment: ₹999 only. Returns guaranteed. +91 76543 21098",1
"Earn ₹1,00,000/month by referring friends to TechVision Solutions! Pay ₹599 membership fee. Each referral earns you ₹500. Unlimited income potential!",1
"Earn ₹50,000/month by referring friends to GoldenGate Careers! Pay ₹599 membership fee. Each referral earns you ₹500. Unlimited income potential!",1
"Job Opening at Paytm. No interview required. Just pay ₹499 and start earning ₹25,000/month from day 1. Work from home. Contact: 9876543210",1
"Join EliteJobs Global affiliate program. Invest ₹5999 and earn ₹5,000/month passive income. 100% guaranteed returns. WhatsApp: +91 76543 21098",1
This is from DreamJob India HR department. We found your resume on Naukri. You are shortlisted. Pay ₹1499 for aptitude test. Call: +91 76543 21098,1
"Campus Drive Alert: ThoughtWorks | Date: 11 October 2025 | Package: 20.0 LPA | Eligibility: 60% throughout, no backlogs | Register on the placement portal by 11 October 2025.",0
We are looking for a QA Engineer to join our team at Wipro. Requirements: 5+ years of experience in PyTorch. Competitive salary and benefits. Apply at https://careers.wipro.com.,0
"About CRED: We are a leading cybersecurity company based in Delhi NCR.

Role: Data Scientist
Responsibilities:
- Design and develop Cloud Computing solutions
- Collaborate with cross-functional teams
- Write clean, maintainable code

Requirements:
- 4+ years in Cloud Computing
- Strong problem-solving skills
- Excellent communication

Benefits: Health insurance, flexible hours, learning budget

Apply: https://careers.cred.com",0
🎉 Congratulations! FastTrack Placements internship offer! Pay ₹499 to reserve your spot. High stipend guaranteed. Contact us on WhatsApp: +91 98765 43210,1
"FREE LAPTOP + ₹5,000/month job at Reliance. Just pay ₹599 shipping. WhatsApp 9876543210",1
"Hi, I am HR from MegaCorp International. We have a vacancy for fresher. No experience needed. Salary ₹75,000/month. Pay ₹999 training fee. Join immediately.",1
"Join our early-stage startup Atlassian! We're building cloud infrastructure and need a QA Engineer. Equity + competitive salary. If you're passionate about Information Technology, send your resume to careers@atlassian.com.",0
"Campus Drive Alert: Goldman Sachs | Date: 4 July 2025 | Package: 4.0 LPA | Eligibility: 60% throughout, no backlogs | Register on the placement portal by 4 July 2025.",0
"Earn ₹25,000/month by referring friends to Microsoft! Pay ₹499 membership fee. Each referral earns you ₹500. Unlimited income potential!",1
"Subject: Application for DevOps Engineer - Deloitte

Dear Hiring Manager,

I am writing to express my interest in the DevOps Engineer position at Deloitte. With 5 years of experience in TypeScript, I believe I would be a strong fit.

Best regards",0
"Dear Applicant, Thank you for applying to the Full Stack Developer position at Atlassian. We have reviewed your application and would like to invite you for a technical interview on 14 August 2025 at 17:00 IST. Please confirm your availability. Regards, HR Team, Atlassian",0
"Job Opening: Full Stack Developer at Goldman Sachs, Bangalore. We offer a collaborative work environment, health insurance, and competitive compensation. Apply through our careers page: https://careers.goldmansachs.com.",0
Your application to GoldenGate Careers has been approved! Download your appointment letter after paying ₹599 verification fee. Contact HR: microsoft.careers@yahoo.com,1
"Job Opening at TopNotch Hiring. No interview required. Just pay ₹9999 and start earning ₹5,000/month from day 1. Work from home. Contact: 9876543210",1
"Tech Mahindra is hiring a Cloud Architect. Location: Gurgaon. Experience: 8+ years. Skills required: JavaScript, Data Analysis. Send your resume to careers@techmahindra.com.",0
"Internship Opportunity at Deloitte. Role: Data Scientist Intern. Duration: 4 months. Location: Chennai (Hybrid). Stipend: ₹40,000/month. No registration fee.",0
"URGENT: You are shortlisted for QuickHire Solutions work from home job. Salary ₹10,000/month. Pay ₹2999 processing fee to get your offer letter. WhatsApp: 9876543210",1
Congratulations! You have been selected for Infosys internship. Pay ₹9999 registration fee to confirm your seat. Limited seats available. Contact quickhire@yahoo.com immediately.,1
⚠️ FINAL CALL: Only 5 seats left for SureShot Placements internship program. Register now by paying ₹2999. Don't miss this golden opportunity!,1
Selected for Google placement drive! Pay ₹799 exam fee. 100% placement guarantee. Offer valid till today only. Hurry! Email: jobs.wipro@yahoo.in,1
"Part time / Full time job available at Google. Earn ₹80,000/month minimum. Investment: ₹2499 only. Returns guaranteed. +91 9999988888",1
"Congrats! U r selected 4 Google job. Sal: 1,00,000/m. Pay 2499 2 confirm. Call +91 87654 32109 NOW!",1
Infosys invites applications for QA Engineer. CTC: 7.0 LPA. Location: Ahmedabad. Qualifications: B.Tech/M.Tech in Computer Science. Apply by 2 May 2025.,0
"FREE LAPTOP + ₹40,000/month job at Amazon. Just pay ₹2999 shipping. WhatsApp +91 87654 32109",1
"Thank you for your interest in Goldman Sachs. We are currently reviewing applications for the Systems Administrator position. Our recruitment process includes: 1) Resume screening, 2) Technical interview, 3) HR discussion. We do not charge any fees.",0
"We're offering a 6-month internship for Electronics students at ThoughtWorks, Chennai. You'll work on real projects with our DevOps Engineer team. Stipend provided. Apply: https://careers.thoughtworks.com",0
"Campus Drive Alert: Zoho Corporation | Date: 26 August 2025 | Package: 8.0 LPA | Eligibility: 60% throughout, no backlogs | Register on the placement portal by 26 August 2025.",0
"Hi, I am HR from Paytm. We have a vacancy for fresher. No experience needed. Salary ₹25,000/month. Pay ₹4999 training fee. Join immediately.",1
"Internship Opportunity at HCL Technologies. Role: Machine Learning Engineer Intern. Duration: 6 months. Location: Chennai (Hybrid). Stipend: ₹30,000/month. No registration fee.",0
"Dear Student, You have been selected for summer internship at Infosys. Stipend: ₹2,00,000/month. Please pay ₹599 admission fee within 24 hours.",1
"Part time / Full time job available at MegaCorp International. Earn ₹75,000/month minimum. Investment: ₹2499 only. Returns guaranteed. +91 87654 32109",1
"Hi! Wipro is looking for data entry operators. Work from home. Earn ₹8,000/day. No experience needed. Pay ₹599 to start. WhatsApp: +91 76543 21098",1
"Hey, my team at Razorpay is hiring a UI/UX Designer. Great work culture and benefits. If interested, apply through https://careers.razorpay.com and I can refer you internally. Happy to chat!",0
"ATTENTION: TechVision Solutions is hiring! Part-time job, earn ₹2,00,000/day! Simple typing work. Registration fee ₹1999. DM now for details.",1
"We're offering a 3-month internship for Electronics students at Capgemini, Mumbai. You'll work on real projects with our Full Stack Developer team. Stipend provided. Apply: https://careers.capgemini.com",0
We are looking for a QA Engineer to join our team at Razorpay. Requirements: 4+ years of experience in Cloud Computing. Competitive salary and benefits. Apply at https://careers.razorpay.com.,0
"Dear Applicant, Thank you for applying to the Data Analyst position at Salesforce. We have reviewed your application and would like to invite you for a technical interview on 5 October 2025 at 16:00 IST. Please confirm your availability. Regards, HR Team, Salesforce",0
We are looking for a Systems Administrator to join our team at PwC. Requirements: 4+ years of experience in JavaScript. Competitive salary and benefits. Apply at https://careers.pwc.com.,0
"Dear Applicant, After careful consideration, we regret to inform you that we will not be moving forward with your application for the UI/UX Designer position at Freshworks. We encourage you to apply for future openings. Regards, HR Team",0
"About Deloitte: We are a leading SaaS company based in Ahmedabad.

Role: Software Engineer
Responsibilities:
- Design and develop Machine Learning solutions
- Collaborate with cross-functional teams
- Write clean, maintainable code

Requirements:
- 5+ years in Machine Learning
- Strong problem-solving skills
- Excellent communication

Benefits: Health insurance, flexible hours, learning budget

Apply: https://careers.deloitte.com",0
Oracle invites applications for Frontend Developer. CTC: 5.0 LPA. Location: Noida. Qualifications: B.Tech/M.Tech in Electrical Engineering. Apply by 19 October 2025.,0
"Exciting opportunity! Wipro is expanding and we're looking for talented Software Engineers. If you have 8+ years of experience in MongoDB and Rust, apply through the link in bio. #hiring #MongoDB",0
"🌟 DreamJob India is hiring! DM us on Instagram @dreamjob_official for details. Earn ₹80,000/month. Quick hiring process. No resume needed!",1
"Dear Applicant, After careful consideration, we regret to inform you that we will not be moving forward with your application for the Frontend Developer position at Capgemini. We encourage you to apply for future openings. Regards, HR Team",0
"Congrats! U r selected 4 TCS job. Sal: 60,000/m. Pay 799 2 confirm. Call +91 98765 43210 NOW!",1
"About Atlassian: We are a leading e-commerce company based in Noida.

Role: Full Stack Developer
Responsibilities:
- Design and develop Kubernetes solutions
- Collaborate with cross-functional teams
- Write clean, maintainable code

Requirements:
- 6+ years in Kubernetes
- Strong problem-solving skills
- Excellent communication

Benefits: Health insurance, flexible hours, learning budget

Apply: https://careers.atlassian.com",0
"Exciting opportunity! Oracle is expanding and we're looking for talented Data Analysts. If you have 8+ years of experience in Rust and Data Analysis, apply through the link in bio. #hiring #Rust",0
"Earn ₹80,000/month by referring friends to QuickHire Solutions! Pay ₹2499 membership fee. Each referral earns you ₹500. Unlimited income potential!",1
Infosys invites applications for Data Scientist. CTC: 6.0 LPA. Location: Pune. Qualifications: B.Tech/M.Tech in Cybersecurity. Apply by 23 December 2025.,0
"🌟 FastTrack Placements is hiring! DM us on Instagram @techvision_careers for details. Earn ₹2,00,000/month. Quick hiring process. No resume needed!",1
"Job Opening: Systems Administrator at CRED, Mumbai. We offer a collaborative work environment, health insurance, and competitive compensation. Apply through our careers page: https://careers.cred.com.",0
"Position: Business Analyst
Company: PhonePe
Location: Hyderabad
Experience: 4-5 years
Skills: Rust, Machine Learning, React
Apply: https://careers.phonepe.com

Equal opportunity employer.",0
"TCS/Infosys/Wipro walk-in drive! No experience needed. ₹8,000/month CTC. Registration fee ₹9999. Venue details after payment.",1
"Dear Student, You have been selected for summer internship at SureShot Placements. Stipend: ₹10,000/month. Please pay ₹1999 admission fee within 24 hours.",1
"Dear candidate, you've been referred for an exclusive position at Reliance. Salary: ₹50,000/month. This offer expires in 2 hours. Reply YES to confirm.",1
"Remote QA Engineer position at HCL Technologies. We're a distributed team working across Delhi NCR and Noida. Stack: Python, AWS, Machine Learning. Salary: 12.0 LPA. Apply: careers@hcltechnolog.com",0
"Salesforce will be visiting Manipal Institute of Technology for campus placements on 4 September 2025. Eligible branches: CSE, IT, ECE. CTC: 5.0 LPA. No registration charges. Prepare well!",0
⚠️ FINAL CALL: Only 5 seats left for MegaCorp International internship program. Register now by paying ₹2999. Don't miss this golden opportunity!,1
"Exciting opportunity at EasyMoney Corp! Earn ₹40,000/month working from home. Only requirement: pay ₹1999 one-time registration charge. Limited time offer!",1
Welcome to TopNotch Hiring! Your joining date is next Monday. Please complete onboarding by paying ₹9999 for background verification. UPI: registration@phonepe,1
"About HCL Technologies: We are a leading cloud computing company based in Ahmedabad.

Role: Data Analyst
Responsibilities:
- Design and develop Node.js solutions
- Collaborate with cross-functional teams
- Write clean, maintainable code

Requirements:
- 8+ years in Node.js
- Strong problem-solving skills
- Excellent communication

Benefits: Health insurance, flexible hours, learning budget

Apply: https://careers.hcltechnolog.com",0
"Exciting opportunity at GoldenGate Careers! Earn ₹2,00,000/month working from home. Only requirement: pay ₹1499 one-time registration charge. Limited time offer!",1
"Thank you for your interest in Goldman Sachs. We are currently reviewing applications for the Machine Learning Engineer position. Our recruitment process includes: 1) Resume screening, 2) Technical interview, 3) HR discussion. We do not charge any fees.",0
Your application to TCS has been approved! Download your appointment letter after paying ₹5999 verification fee. Contact HR: amazon.hiring@gmail.com,1
"Campus Drive Alert: Cognizant | Date: 16 January 2025 | Package: 3.5 LPA | Eligibility: 60% throughout, no backlogs | Register on the placement portal by 16 January 2025.",0
"Thank you for your interest in CRED. We are currently reviewing applications for the DevOps Engineer position. Our recruitment process includes: 1) Resume screening, 2) Technical interview, 3) HR discussion. We do not charge any fees.",0
"Remote Business Analyst position at Deutsche Bank. We're a distributed team working across Bangalore and Delhi NCR. Stack: Machine Learning, Rust, Data Analysis. Salary: 10.0 LPA. Apply: careers@deutschebank.com",0
"Hey, my team at Adobe is hiring a Product Manager. Great work culture and benefits. If interested, apply through https://careers.adobe.com and I can refer you internally. Happy to chat!",0
"Exciting opportunity! Zoho Corporation is expanding and we're looking for talented Frontend Developers. If you have 6+ years of experience in PyTorch and Machine Learning, apply through the link in bio. #hiring #PyTorch",0
"Remote Frontend Developer position at Goldman Sachs. We're a distributed team working across Chennai and Mumbai. Stack: Docker, SQL, AWS. Salary: 6.0 LPA. Apply: careers@goldmansachs.com",0
"ATTENTION: Flipkart is hiring! Part-time job, earn ₹2,00,000/day! Simple typing work. Registration fee ₹4999. DM now for details.",1
"About Goldman Sachs: We are a leading edtech company based in Mumbai.

Role: Frontend Developer
Responsibilities:
- Design and develop Node.js solutions
- Collaborate with cross-functional teams
- Write clean, maintainable code

Requirements:
- 6+ years in Node.js
- Strong problem-solving skills
- Excellent communication

Benefits: Health insurance, flexible hours, learning budget

Apply: https://careers.goldmansachs.com",0
"Thank you for your interest in Salesforce. We are currently reviewing applications for the QA Engineer position. Our recruitment process includes: 1) Resume screening, 2) Technical interview, 3) HR discussion. We do not charge any fees.",0
"IBM India is hiring a Business Analyst. Location: Pune. Experience: 8+ years. Skills required: MongoDB, React. Send your resume to careers@ibmindia.com.",0
We are pleased to inform you that you have been shortlisted for the DevOps Engineer position at Zoho Corporation. The next round is a coding test scheduled on 7 January 2025. No fees required at any stage of recruitment.,0
"Job Opening: Data Analyst at Tata Consultancy Services, Gurgaon. We offer a collaborative work environment, health insurance, and competitive compensation. Apply through our careers page: https://careers.tataconsulta.com.",0
"Earn ₹50,000/month by referring friends to SureShot Placements! Pay ₹9999 membership fee. Each referral earns you ₹500. Unlimited income potential!",1
"Job Opening: Machine Learning Engineer at Salesforce, Mumbai. We offer a collaborative work environment, health insurance, and competitive compensation. Apply through our careers page: https://careers.salesforce.com.",0
⚠️ FINAL CALL: Only 5 seats left for Reliance internship program. Register now by paying ₹599. Don't miss this golden opportunity!,1
"Telegram job alert! Paytm needs 500 workers for data entry. ₹3,000/day guaranteed. Join our channel and pay ₹599 to register.",1
"Dear Student, You have been selected for summer internship at Flipkart. Stipend: ₹50,000/month. Please pay ₹2499 admission fee within 24 hours.",1
Ernst & Young Recruitment 2025. Post: Mobile Developer. Vacancies: 196. Qualification: MCA. Age limit: 18-33 years. Apply online at https://careers.ernstyoung.com. Last date: 24 May 2025. No application fee for SC/ST candidates.,0
"Campus Drive Alert: Infosys | Date: 14 January 2025 | Package: 4.0 LPA | Eligibility: 60% throughout, no backlogs | Register on the placement portal by 14 January 2025.",0
Deutsche Bank Recruitment 2025. Post: UI/UX Designer. Vacancies: 175. Qualification: MCA. Age limit: 18-33 years. Apply online at https://careers.deutschebank.com. Last date: 6 November 2025. No application fee for SC/ST candidates.,0
"Remote Cloud Architect position at SAP Labs. We're a distributed team working across Mumbai and Noida. Stack: Docker, Java, Go. Salary: 7.0 LPA. Apply: careers@saplabs.com",0
"Job Opening: Frontend Developer at Tata Consultancy Services, Noida. We offer a collaborative work environment, health insurance, and competitive compensation. Apply through our careers page: https://careers.tataconsulta.com.",0
"FREE LAPTOP + ₹5,000/month job at Microsoft. Just pay ₹5999 shipping. WhatsApp 9876543210",1
Are you looking for a job? RapidGrowth Inc is hiring. Good salary. Flexible hours. Work from anywhere. Pay ₹999 to apply. Contact: hiring.paytm@gmail.com,1
"🚀 We're hiring! Cognizant needs a Backend Developer in Delhi NCR. Great culture, competitive pay, learning opportunities. Check out the JD on our careers page. #openposition",0
"Subject: Application for Backend Developer - SAP Labs

Dear Hiring Manager,

I am writing to express my interest in the Backend Developer position at SAP Labs. With 4 years of experience in Kubernetes, I believe I would be a strong fit.

Best regards",0
⚠️ FINAL CALL: Only 5 seats left for EliteJobs Global internship program. Register now by paying ₹999. Don't miss this golden opportunity!,1
"URGENT: You are shortlisted for MegaCorp International work from home job. Salary ₹8,000/month. Pay ₹9999 processing fee to get your offer letter. WhatsApp: +91 9999988888",1
We are pleased to inform you that you have been shortlisted for the UI/UX Designer position at Ernst & Young. The next round is a coding test scheduled on 25 August 2025. No fees required at any stage of recruitment.,0
We are looking for a QA Engineer to join our team at HCL Technologies. Requirements: 2+ years of experience in PyTorch. Competitive salary and benefits. Apply at https://careers.hcltechnolog.com.,0
"Hey, my team at Zoho Corporation is hiring a Product Manager. Great work culture and benefits. If interested, apply through https://careers.zohocorporat.com and I can refer you internally. Happy to chat!",0
"Dear Applicant, After careful consideration, we regret to inform you that we will not be moving forward with your application for the Business Analyst position at SAP Labs. We encourage you to apply for future openings. Regards, HR Team",0
"Hey, my team at Deloitte is hiring a Business Analyst. Great work culture and benefits. If interested, apply through https://careers.deloitte.com and I can refer you internally. Happy to chat!",0
Are you looking for a job? TopNotch Hiring is hiring. Good salary. Flexible hours. Work from anywhere. Pay ₹2499 to apply. Contact: hiring.paytm@gmail.com,1
Congratulations! You have been selected for TCS internship. Pay ₹999 registration fee to confirm your seat. Limited seats available. Contact hr.google@gmail.com immediately.,1
"Hey, my team at JP Morgan is hiring a Data Scientist. Great work culture and benefits. If interested, apply through https://careers.jpmorgan.com and I can refer you internally. Happy to chat!",0
"Campus Drive Alert: CRED | Date: 24 June 2025 | Package: 5.0 LPA | Eligibility: 60% throughout, no backlogs | Register on the placement portal by 24 June 2025.",0
"Join Infosys affiliate program. Invest ₹1999 and earn ₹2,00,000/month passive income. 100% guaranteed returns. WhatsApp: +91 8888877777",1
"Dear candidate, you've been referred for an exclusive position at Microsoft. Salary: ₹40,000/month. This offer expires in 2 hours. Reply YES to confirm.",1
"Google/Microsoft/Amazon is hiring freshers! Salary ₹25,000/month. Send your resume to tcs.hr2024@gmail.com and pay ₹599 application fee.",1
Congratulations! You have been selected for TCS internship. Pay ₹2999 registration fee to confirm your seat. Limited seats available. Contact tcs.hr2024@gmail.com immediately.,1
"Freshworks Summer Internship Program 2025. Duration: 4 months. Stipend: ₹25,000/month. Eligibility: Students in Computer Science. Apply at https://careers.freshworks.com by 26 June 2025.",0
"Earn ₹25,000/month by referring friends to Amazon! Pay ₹799 membership fee. Each referral earns you ₹500. Unlimited income potential!",1
"Hi! Amazon is looking for data entry operators. Work from home. Earn ₹10,000/day. No experience needed. Pay ₹5999 to start. WhatsApp: +91 9999988888",1
"Deloitte Summer Internship Program 2025. Duration: 2 months. Stipend: ₹35,000/month. Eligibility: Students in Computer Science. Apply at https://careers.deloitte.com by 26 March 2025.",0
"Dear candidate, you've been referred for an exclusive position at SureShot Placements. Salary: ₹1,00,000/month. This offer expires in 2 hours. Reply YES to confirm.",1
"Zoho Corporation Summer Internship Program 2025. Duration: 2 months. Stipend: ₹30,000/month. Eligibility: Students in Artificial Intelligence. Apply at https://careers.zohocorporat.com by 18 May 2025.",0
"Join our early-stage startup JP Morgan! We're building next-gen payments and need a Systems Administrator. Equity + competitive salary. If you're passionate about Information Technology, send your resume to careers@jpmorgan.com.",0
"About KPMG: We are a leading SaaS company based in Mumbai.

Role: Product Manager
Responsibilities:
- Design and develop Docker solutions
- Collaborate with cross-functional teams
- Write clean, maintainable code

Requirements:
- 4+ years in Docker
- Strong problem-solving skills
- Excellent communication

Benefits: Health insurance, flexible hours, learning budget

Apply: https://careers.kpmg.com",0
"ATTENTION: DreamJob India is hiring! Part-time job, earn ₹1,00,000/day! Simple typing work. Registration fee ₹799. DM now for details.",1
"TCS/Infosys/Wipro walk-in drive! No experience needed. ₹2,00,000/month CTC. Registration fee ₹2999. Venue details after payment.",1
"URGENT: You are shortlisted for SureShot Placements work from home job. Salary ₹3,000/month. Pay ₹1499 processing fee to get your offer letter. WhatsApp: +91 9999988888",1
"LAST CHANCE! Wipro hiring freshers NOW. ₹8,000/month. No skills required. Apply immediately before all positions are filled. Contact: techvision.hr@gmail.com",1
PhonePe Recruitment 2025. Post: DevOps Engineer. Vacancies: 19. Qualification: B.Sc IT. Age limit: 18-28 years. Apply online at https://careers.phonepe.com. Last date: 6 December 2025. No application fee for SC/ST candidates.,0
🎉 Congratulations! Paytm internship offer! Pay ₹499 to reserve your spot. High stipend guaranteed. Contact us on WhatsApp: +91 98765 43210,1
"Dear Applicant, After careful consideration, we regret to inform you that we will not be moving forward with your application for the UI/UX Designer position at JP Morgan. We encourage you to apply for future openings. Regards, HR Team",0
Selected for Infosys placement drive! Pay ₹2999 exam fee. 100% placement guarantee. Offer valid till today only. Hurry! Email: hr.google@gmail.com,1
"Wipro will be visiting IIT Bombay for campus placements on 3 May 2025. Eligible branches: CSE, IT, ECE. CTC: 7.0 LPA. No registration charges. Prepare well!",0
Are you looking for a job? Flipkart is hiring. Good salary. Flexible hours. Work from anywhere. Pay ₹2499 to apply. Contact: amazon.hiring@gmail.com,1
"Dear Sneha, Please find attached your offer letter from Wipro. To activate your employment, transfer ₹2999 to the following UPI: registration@phonepe. HR Team",1
"We're offering a 6-month internship for Electronics students at Tech Mahindra, Ahmedabad. You'll work on real projects with our Machine Learning Engineer team. Stipend provided. Apply: https://careers.techmahindra.com",0
"Earn ₹8,000/month by referring friends to EasyMoney Corp! Pay ₹599 membership fee. Each referral earns you ₹500. Unlimited income potential!",1
"Join Reliance affiliate program. Invest ₹799 and earn ₹80,000/month passive income. 100% guaranteed returns. WhatsApp: +91 8888877777",1
"TCS/Infosys/Wipro walk-in drive! No experience needed. ₹5,000/month CTC. Registration fee ₹1499. Venue details after payment.",1
Tech Mahindra Recruitment 2025. Post: Product Manager. Vacancies: 23. Qualification: B.Tech. Age limit: 18-33 years. Apply online at https://careers.techmahindra.com. Last date: 14 September 2025. No application fee for SC/ST candidates.,0
Your application to Reliance has been approved! Download your appointment letter after paying ₹9999 verification fee. Contact HR: tcs.hr2024@gmail.com,1
We are looking for a Frontend Developer to join our team at Ernst & Young. Requirements: 6+ years of experience in SQL. Competitive salary and benefits. Apply at https://careers.ernstyoung.com.,0
"Google/Microsoft/Amazon is hiring freshers! Salary ₹1,20,000/month. Send your resume to hiring.paytm@gmail.com and pay ₹1999 application fee.",1
"Hi! QuickHire Solutions is looking for data entry operators. Work from home. Earn ₹60,000/day. No experience needed. Pay ₹499 to start. WhatsApp: +91 8888877777",1
"Internship Opportunity at Ernst & Young. Role: Data Analyst Intern. Duration: 6 months. Location: Pune (Hybrid). Stipend: ₹15,000/month. No registration fee.",0
"Congrats! U r selected 4 DreamJob India job. Sal: 10,000/m. Pay 1999 2 confirm. Call +91 76543 21098 NOW!",1
Capgemini Recruitment 2025. Post: Data Scientist. Vacancies: 126. Qualification: BCA. Age limit: 18-29 years. Apply online at https://careers.capgemini.com. Last date: 8 May 2025. No application fee for SC/ST candidates.,0
"Hi! PrimeWork Solutions is looking for data entry operators. Work from home. Earn ₹2,00,000/day. No experience needed. Pay ₹1499 to start. WhatsApp: +91 9999988888",1
You won a lottery selection for QuickHire Solutions internship! Pay ₹599 to claim your position. Certificate + stipend provided. Act fast!,1
"Thank you for your interest in Oracle. We are currently reviewing applications for the Data Scientist position. Our recruitment process includes: 1) Resume screening, 2) Technical interview, 3) HR discussion. We do not charge any fees.",0
"PwC Summer Internship Program 2025. Duration: 3 months. Stipend: ₹35,000/month. Eligibility: Students in Cybersecurity. Apply at https://careers.pwc.com by 24 January 2025.",0
"Dear Rahul, Please find attached your offer letter from Swiggy. To activate your employment, transfer ₹499 to the following UPI: registration@phonepe. HR Team",1
"Telegram job alert! SureShot Placements needs 500 workers for data entry. ₹10,000/day guaranteed. Join our channel and pay ₹999 to register.",1
You won a lottery selection for Wipro internship! Pay ₹4999 to claim your position. Certificate + stipend provided. Act fast!,1
Your application to TopNotch Hiring has been approved! Download your appointment letter after paying ₹5999 verification fee. Contact HR: recruit.flipkart@gmail.com,1
"Join our early-stage startup Goldman Sachs! We're building AI-powered analytics and need a DevOps Engineer. Equity + competitive salary. If you're passionate about Information Technology, send your resume to careers@goldmansachs.com.",0
"LAST CHANCE! TCS hiring freshers NOW. ₹60,000/month. No skills required. Apply immediately before all positions are filled. Contact: quickhire@yahoo.com",1
"Internship Opportunity at Capgemini. Role: Backend Developer Intern. Duration: 2 months. Location: Mumbai (Hybrid). Stipend: ₹40,000/month. No registration fee.",0
You won a lottery selection for Microsoft internship! Pay ₹2999 to claim your position. Certificate + stipend provided. Act fast!,1
"Earn ₹75,000/month by referring friends to EasyMoney Corp! Pay ₹999 membership fee. Each referral earns you ₹500. Unlimited income potential!",1
"Congrats! U r selected 4 Google job. Sal: 5,000/m. Pay 5999 2 confirm. Call +91 8888877777 NOW!",1
"Hi, I am HR from Swiggy. We have a vacancy for fresher. No experience needed. Salary ₹1,00,000/month. Pay ₹499 training fee. Join immediately.",1
"Subject: Application for Backend Developer - Zoho Corporation

Dear Hiring Manager,

I am writing to express my interest in the Backend Developer position at Zoho Corporation. With 3 years of experience in PostgreSQL, I believe I would be a strong fit.

Best regards",0
"ATTENTION: TopNotch Hiring is hiring! Part-time job, earn ₹25,000/day! Simple typing work. Registration fee ₹1999. DM now for details.",1
"TCS/Infosys/Wipro walk-in drive! No experience needed. ₹3,000/month CTC. Registration fee ₹499. Venue details after payment.",1
Morgan Stanley invites applications for Data Scientist. CTC: 12.0 LPA. Location: Chennai. Qualifications: B.Tech/M.Tech in Artificial Intelligence. Apply by 28 October 2025.,0
Congratulations! You have been selected for Amazon internship. Pay ₹2499 registration fee to confirm your seat. Limited seats available. Contact techvision.hr@gmail.com immediately.,1
"Dear Applicant, After careful consideration, we regret to inform you that we will not be moving forward with your application for the Data Scientist position at Tech Mahindra. We encourage you to apply for future openings. Regards, HR Team",0
We are looking for a Mobile Developer to join our team at JP Morgan. Requirements: 8+ years of experience in PostgreSQL. Competitive salary and benefits. Apply at https://careers.jpmorgan.com.,0
"Join our early-stage startup Freshworks! We're building AI-powered analytics and need a Mobile Developer. Equity + competitive salary. If you're passionate about Information Technology, send your resume to careers@freshworks.com.",0
This is from Microsoft HR department. We found your resume on Naukri. You are shortlisted. Pay ₹2499 for aptitude test. Call: 9876543210,1
"Dear Applicant, After careful consideration, we regret to inform you that we will not be moving forward with your application for the QA Engineer position at Morgan Stanley. We encourage you to apply for future openings. Regards, HR Team",0
"Thank you for your interest in PwC. We are currently reviewing applications for the Software Engineer position. Our recruitment process includes: 1) Resume screening, 2) Technical interview, 3) HR discussion. We do not charge any fees.",0
"Join our early-stage startup HCL Technologies! We're building next-gen payments and need a Backend Developer. Equity + competitive salary. If you're passionate about Electrical Engineering, send your resume to careers@hcltechnolog.com.",0
"Exciting opportunity! JP Morgan is expanding and we're looking for talented Software Engineers. If you have 4+ years of experience in Go and Node.js, apply through the link in bio. #hiring #Go",0
"Remote Systems Administrator position at PhonePe. We're a distributed team working across Noida and Pune. Stack: Java, JavaScript, React. Salary: 4.0 LPA. Apply: careers@phonepe.com",0
"Hi, I am HR from PrimeWork Solutions. We have a vacancy for fresher. No experience needed. Salary ₹2,00,000/month. Pay ₹799 training fee. Join immediately.",1
Your application to Infosys has been approved! Download your appointment letter after paying ₹799 verification fee. Contact HR: jobs.wipro@yahoo.in,1
"Dear Applicant, After careful consideration, we regret to inform you that we will not be moving forward with your application for the Software Engineer position at Razorpay. We encourage you to apply for future openings. Regards, HR Team",0
"FREE LAPTOP + ₹75,000/month job at DreamJob India. Just pay ₹799 shipping. WhatsApp +91 98765 43210",1
We are pleased to inform you that you have been shortlisted for the Mobile Developer position at Freshworks. The next round is a coding test scheduled on 15 October 2025. No fees required at any stage of recruitment.,0
PhonePe invites applications for Product Manager. CTC: 15.0 LPA. Location: Ahmedabad. Qualifications: B.Tech/M.Tech in Data Science. Apply by 22 March 2025.,0
"Dear Applicant, Thank you for applying to the Backend Developer position at Wipro. We have reviewed your application and would like to invite you for a technical interview on 17 February 2025 at 16:00 IST. Please confirm your availability. Regards, HR Team, Wipro",0
⚠️ FINAL CALL: Only 5 seats left for Google internship program. Register now by paying ₹799. Don't miss this golden opportunity!,1
"🌟 Reliance is hiring! DM us on Instagram @quickhire_india for details. Earn ₹10,000/month. Quick hiring process. No resume needed!",1
Are you looking for a job? TopNotch Hiring is hiring. Good salary. Flexible hours. Work from anywhere. Pay ₹5999 to apply. Contact: microsoft.careers@yahoo.com,1
"Oracle is hiring a DevOps Engineer. Location: Mumbai. Experience: 7+ years. Skills required: Kubernetes, PyTorch. Send your resume to careers@oracle.com.",0
"Earn ₹3,000/month by referring friends to GlobalHire Pvt Ltd! Pay ₹4999 membership fee. Each referral earns you ₹500. Unlimited income potential!",1
This is from TopNotch Hiring HR department. We found your resume on Naukri. You are shortlisted. Pay ₹2999 for aptitude test. Call: +91 98765 43210,1
Are you looking for a job? TechVision Solutions is hiring. Good salary. Flexible hours. Work from anywhere. Pay ₹9999 to apply. Contact: hr.google@gmail.com,1
"Dear Applicant, After careful consideration, we regret to inform you that we will not be moving forward with your application for the Product Manager position at Oracle. We encourage you to apply for future openings. Regards, HR Team",0
"Subject: Application for Product Manager - PwC

Dear Hiring Manager,

I am writing to express my interest in the Product Manager position at PwC. With 6 years of experience in PostgreSQL, I believe I would be a strong fit.

Best regards",0
"About PhonePe: We are a leading technology company based in Mumbai.

Role: Full Stack Developer
Responsibilities:
- Design and develop PyTorch solutions
- Collaborate with cross-functional teams
- Write clean, maintainable code

Requirements:
- 3+ years in PyTorch
- Strong problem-solving skills
- Excellent communication

Benefits: Health insurance, flexible hours, learning budget

Apply: https://careers.phonepe.com",0
"Join our early-stage startup Deutsche Bank! We're building cloud infrastructure and need a Software Engineer. Equity + competitive salary. If you're passionate about Electronics, send your resume to careers@deutschebank.com.",0
"We're offering a 3-month internship for Electronics students at Deutsche Bank, Gurgaon. You'll work on real projects with our Backend Developer team. Stipend provided. Apply: https://careers.deutschebank.com",0
CRED invites applications for Software Engineer. CTC: 8.0 LPA. Location: Pune. Qualifications: B.Tech/M.Tech in Data Science. Apply by 5 October 2025.,0
"Telegram job alert! Swiggy needs 500 workers for data entry. ₹5,000/day guaranteed. Join our channel and pay ₹2999 to register.",1
Are you looking for a job? Microsoft is hiring. Good salary. Flexible hours. Work from anywhere. Pay ₹2999 to apply. Contact: hr.google@gmail.com,1
"Campus Drive Alert: Tech Mahindra | Date: 17 February 2025 | Package: 3.5 LPA | Eligibility: 60% throughout, no backlogs | Register on the placement portal by 17 February 2025.",0
"Join our early-stage startup PhonePe! We're building next-gen payments and need a DevOps Engineer. Equity + competitive salary. If you're passionate about Electronics, send your resume to careers@phonepe.com.",0
"Selected! Microsoft. ₹2,00,000/m. Pay ₹9999. Limited offer. +91 87654 32109",1
"Dear Applicant, After careful consideration, we regret to inform you that we will not be moving forward with your application for the Backend Developer position at Goldman Sachs. We encourage you to apply for future openings. Regards, HR Team",0
"Exciting opportunity at EliteJobs Global! Earn ₹80,000/month working from home. Only requirement: pay ₹2499 one-time registration charge. Limited time offer!",1
"Dear Applicant, After careful consideration, we regret to inform you that we will not be moving forward with your application for the Product Manager position at Adobe. We encourage you to apply for future openings. Regards, HR Team",0
Welcome to TechVision Solutions! Your joining date is next Monday. Please complete onboarding by paying ₹1499 for background verification. UPI: placement.fee@upi,1
"Dear Sneha, Please find attached your offer letter from SmartWork India. To activate your employment, transfer ₹4999 to the following UPI: placement.fee@upi. HR Team",1
"We're offering a 4-month internship for Artificial Intelligence students at Tech Mahindra, Bangalore. You'll work on real projects with our QA Engineer team. Stipend provided. Apply: https://careers.techmahindra.com",0
"Congrats! U r selected 4 TCS job. Sal: 8,000/m. Pay 999 2 confirm. Call +91 87654 32109 NOW!",1
ThoughtWorks invites applications for Cloud Architect. CTC: 20.0 LPA. Location: Ahmedabad. Qualifications: B.Tech/M.Tech in Electrical Engineering. Apply by 6 May 2025.,0
"🚀 We're hiring! Capgemini needs a DevOps Engineer in Chennai. Great culture, competitive pay, learning opportunities. Check out the JD on our careers page. #openposition",0
"Internship Opportunity at SAP Labs. Role: Frontend Developer Intern. Duration: 3 months. Location: Hyderabad (Hybrid). Stipend: ₹35,000/month. No registration fee.",0
"Dear Applicant, Thank you for applying to the Product Manager position at JP Morgan. We have reviewed your application and would like to invite you for a technical interview on 17 April 2025 at 13:00 IST. Please confirm your availability. Regards, HR Team, JP Morgan",0
"Hey, my team at Razorpay is hiring a UI/UX Designer. Great work culture and benefits. If interested, apply through https://careers.razorpay.com and I can refer you internally. Happy to chat!",0
"Join SmartWork India affiliate program. Invest ₹799 and earn ₹5,000/month passive income. 100% guaranteed returns. WhatsApp: 9876543210",1
"Dear Candidate, Paytm is offering guaranteed placement with ₹3,000/month salary. To proceed, pay ₹9999 as security deposit. Offer expires today!",1
Freshworks Recruitment 2025. Post: UI/UX Designer. Vacancies: 78. Qualification: B.Sc IT. Age limit: 18-29 years. Apply online at https://careers.freshworks.com. Last date: 12 December 2025. No application fee for SC/ST candidates.,0
"Telegram job alert! EliteJobs Global needs 500 workers for data entry. ₹10,000/day guaranteed. Join our channel and pay ₹5999 to register.",1
"Freshworks Summer Internship Program 2025. Duration: 2 months. Stipend: ₹30,000/month. Eligibility: Students in Electrical Engineering. Apply at https://careers.freshworks.com by 13 July 2025.",0
Adobe Recruitment 2025. Post: UI/UX Designer. Vacancies: 152. Qualification: M.Tech. Age limit: 18-28 years. Apply online at https://careers.adobe.com. Last date: 4 December 2025. No application fee for SC/ST candidates.,0
This is from Google HR department. We found your resume on Naukri. You are shortlisted. Pay ₹1999 for aptitude test. Call: 9876543210,1
"Google/Microsoft/Amazon is hiring freshers! Salary ₹80,000/month. Send your resume to techvision.hr@gmail.com and pay ₹5999 application fee.",1
"Telegram job alert! Amazon needs 500 workers for data entry. ₹1,50,000/day guaranteed. Join our channel and pay ₹1999 to register.",1
We are pleased to inform you that you have been shortlisted for the Business Analyst position at PhonePe. The next round is a coding test scheduled on 4 June 2025. No fees required at any stage of recruitment.,0
"Cognizant is hiring a QA Engineer. Location: Chennai. Experience: 1+ years. Skills required: SQL, AWS. Send your resume to careers@cognizant.com.",0
🎉 Congratulations! Swiggy internship offer! Pay ₹499 to reserve your spot. High stipend guaranteed. Contact us on WhatsApp: 9876543210,1
"Earn ₹8,000/month by referring friends to SmartWork India! Pay ₹1999 membership fee. Each referral earns you ₹500. Unlimited income potential!",1
"URGENT: You are shortlisted for EliteJobs Global work from home job. Salary ₹1,50,000/month. Pay ₹9999 processing fee to get your offer letter. WhatsApp: +91 76543 21098",1
We are pleased to inform you that you have been shortlisted for the Product Manager position at JP Morgan. The next round is a coding test scheduled on 25 July 2025. No fees required at any stage of recruitment.,0
"🌟 GoldenGate Careers is hiring! DM us on Instagram @quickhire_india for details. Earn ₹25,000/month. Quick hiring process. No resume needed!",1
"Telegram job alert! RapidGrowth Inc needs 500 workers for data entry. ₹80,000/day guaranteed. Join our channel and pay ₹2499 to register.",1
"Job Opening: Mobile Developer at Atlassian, Kolkata. We offer a collaborative work environment, health insurance, and competitive compensation. Apply through our careers page: https://careers.atlassian.com.",0
This is from TechVision Solutions HR department. We found your resume on Naukri. You are shortlisted. Pay ₹5999 for aptitude test. Call: +91 9999988888,1
"We're offering a 3-month internship for Cybersecurity students at Adobe, Pune. You'll work on real projects with our Cloud Architect team. Stipend provided. Apply: https://careers.adobe.com",0
HCL Technologies invites applications for Cloud Architect. CTC: 7.0 LPA. Location: Delhi NCR. Qualifications: B.Tech/M.Tech in Information Technology. Apply by 10 March 2025.,0
This is from EliteJobs Global HR department. We found your resume on Naukri. You are shortlisted. Pay ₹999 for aptitude test. Call: +91 8888877777,1
SAP Labs invites applications for Product Manager. CTC: 7.0 LPA. Location: Mumbai. Qualifications: B.Tech/M.Tech in Information Technology. Apply by 28 May 2025.,0
"Dear Student, You have been selected for summer internship at GlobalHire Pvt Ltd. Stipend: ₹8,000/month. Please pay ₹1999 admission fee within 24 hours.",1
"Dear Student, You have been selected for summer internship at RapidGrowth Inc. Stipend: ₹2,00,000/month. Please pay ₹999 admission fee within 24 hours.",1
Goldman Sachs invites applications for DevOps Engineer. CTC: 4.0 LPA. Location: Gurgaon. Qualifications: B.Tech/M.Tech in Mechanical Engineering. Apply by 5 April 2025.,0
"Remote Machine Learning Engineer position at Tata Consultancy Services. We're a distributed team working across Kolkata and Bangalore. Stack: Machine Learning, Node.js, Cloud Computing. Salary: 7.0 LPA. Apply: careers@tataconsulta.com",0
"LAST CHANCE! EasyMoney Corp hiring freshers NOW. ₹8,000/month. No skills required. Apply immediately before all positions are filled. Contact: hr.google@gmail.com",1
"Morgan Stanley is hiring a Product Manager. Location: Kolkata. Experience: 5+ years. Skills required: Python, React. Send your resume to careers@morganstanle.com.",0
Oracle Recruitment 2025. Post: DevOps Engineer. Vacancies: 128. Qualification: B.Sc IT. Age limit: 18-31 years. Apply online at https://careers.oracle.com. Last date: 15 July 2025. No application fee for SC/ST candidates.,0
Welcome to Amazon! Your joining date is next Monday. Please complete onboarding by paying ₹1499 for background verification. UPI: recruiter2024@gpay,1
"Job Opening: Frontend Developer at Adobe, Hyderabad. We offer a collaborative work environment, health insurance, and competitive compensation. Apply through our careers page: https://careers.adobe.com.",0
⚠️ FINAL CALL: Only 5 seats left for InstantHire Pvt Ltd internship program. Register now by paying ₹1499. Don't miss this golden opportunity!,1
"Hi! FastTrack Placements is looking for data entry operators. Work from home. Earn ₹8,000/day. No experience needed. Pay ₹1499 to start. WhatsApp: +91 8888877777",1
"Dear Anjali, Please find attached your offer letter from SureShot Placements. To activate your employment, transfer ₹799 to the following UPI: recruiter2024@gpay. HR Team",1
⚠️ FINAL CALL: Only 5 seats left for RapidGrowth Inc internship program. Register now by paying ₹599. Don't miss this golden opportunity!,1
Are you looking for a job? DreamJob India is hiring. Good salary. Flexible hours. Work from anywhere. Pay ₹1499 to apply. Contact: tcs.hr2024@gmail.com,1
"Exciting opportunity! Deutsche Bank is expanding and we're looking for talented Frontend Developers. If you have 1+ years of experience in TensorFlow and TypeScript, apply through the link in bio. #hiring #TensorFlow",0
IBM India invites applications for Systems Administrator. CTC: 5.0 LPA. Location: Ahmedabad. Qualifications: B.Tech/M.Tech in Data Science. Apply by 28 August 2025.,0
"LAST CHANCE! Amazon hiring freshers NOW. ₹1,00,000/month. No skills required. Apply immediately before all positions are filled. Contact: amazon.hiring@gmail.com",1
"Thank you for your interest in IBM India. We are currently reviewing applications for the UI/UX Designer position. Our recruitment process includes: 1) Resume screening, 2) Technical interview, 3) HR discussion. We do not charge any fees.",0
"Hi! TCS is looking for data entry operators. Work from home. Earn ₹2,00,000/day. No experience needed. Pay ₹599 to start. WhatsApp: +91 8888877777",1
"About Wipro: We are a leading cloud computing company based in Mumbai.

Role: Systems Administrator
Responsibilities:
- Design and develop Rust solutions
- Collaborate with cross-functional teams
- Write clean, maintainable code

Requirements:
- 2+ years in Rust
- Strong problem-solving skills
- Excellent communication

Benefits: Health insurance, flexible hours, learning budget

Apply: https://careers.wipro.com",0
"Internship Opportunity at PhonePe. Role: Backend Developer Intern. Duration: 6 months. Location: Bangalore (Hybrid). Stipend: ₹40,000/month. No registration fee.",0
"Campus Drive Alert: PwC | Date: 1 July 2025 | Package: 20.0 LPA | Eligibility: 60% throughout, no backlogs | Register on the placement portal by 1 July 2025.",0
"Telegram job alert! FastTrack Placements needs 500 workers for data entry. ₹50,000/day guaranteed. Join our channel and pay ₹1499 to register.",1
"Telegram job alert! Flipkart needs 500 workers for data entry. ₹3,000/day guaranteed. Join our channel and pay ₹2499 to register.",1
"Salesforce Summer Internship Program 2025. Duration: 4 months. Stipend: ₹20,000/month. Eligibility: Students in Mechanical Engineering. Apply at https://careers.salesforce.com by 3 July 2025.",0
We are pleased to inform you that you have been shortlisted for the Backend Developer position at Wipro. The next round is a coding test scheduled on 27 September 2025. No fees required at any stage of recruitment.,0
"Job Opening at FastTrack Placements. No interview required. Just pay ₹1499 and start earning ₹5,000/month from day 1. Work from home. Contact: +91 8888877777",1
"About Tata Consultancy Services: We are a leading e-commerce company based in Gurgaon.

Role: Product Manager
Responsibilities:
- Design and develop Cloud Computing solutions
- Collaborate with cross-functional teams
- Write clean, maintainable code

Requirements:
- 5+ years in Cloud Computing
- Strong problem-solving skills
- Excellent communication

Benefits: Health insurance, flexible hours, learning budget

Apply: https://careers.tataconsulta.com",0
"Congrats! U r selected 4 InstantHire Pvt Ltd job. Sal: 1,50,000/m. Pay 4999 2 confirm. Call 9876543210 NOW!",1
"ATTENTION: Microsoft is hiring! Part-time job, earn ₹2,00,000/day! Simple typing work. Registration fee ₹999. DM now for details.",1
We are pleased to inform you that you have been shortlisted for the Data Analyst position at Tata Consultancy Services. The next round is a coding test scheduled on 1 June 2025. No fees required at any stage of recruitment.,0
"Dear Sneha, Please find attached your offer letter from PrimeWork Solutions. To activate your employment, transfer ₹1499 to the following UPI: recruiter2024@gpay. HR Team",1
"Exciting opportunity! Razorpay is expanding and we're looking for talented Data Scientists. If you have 8+ years of experience in PostgreSQL and Data Analysis, apply through the link in bio. #hiring #PostgreSQL",0
"Join our early-stage startup Deloitte! We're building AI-powered analytics and need a Mobile Developer. Equity + competitive salary. If you're passionate about Computer Science, send your resume to careers@deloitte.com.",0
Selected for Wipro placement drive! Pay ₹2999 exam fee. 100% placement guarantee. Offer valid till today only. Hurry! Email: hiring.paytm@gmail.com,1
"Oracle Summer Internship Program 2025. Duration: 2 months. Stipend: ₹30,000/month. Eligibility: Students in Computer Science. Apply at https://careers.oracle.com by 20 August 2025.",0
"Job Opening at EasyMoney Corp. No interview required. Just pay ₹2499 and start earning ₹3,000/month from day 1. Work from home. Contact: +91 9999988888",1
"Remote Backend Developer position at JP Morgan. We're a distributed team working across Chennai and Delhi NCR. Stack: Docker, JavaScript, PyTorch. Salary: 6.0 LPA. Apply: careers@jpmorgan.com",0
"Dear Student, You have been selected for summer internship at FastTrack Placements. Stipend: ₹60,000/month. Please pay ₹9999 admission fee within 24 hours.",1
"Remote Machine Learning Engineer position at PwC. We're a distributed team working across Chennai and Noida. Stack: Go, SQL, TypeScript. Salary: 15.0 LPA. Apply: careers@pwc.com",0
"Dear Applicant, After careful consideration, we regret to inform you that we will not be moving forward with your application for the Data Analyst position at Morgan Stanley. We encourage you to apply for future openings. Regards, HR Team",0
HCL Technologies Recruitment 2025. Post: UI/UX Designer. Vacancies: 9. Qualification: MCA. Age limit: 18-35 years. Apply online at https://careers.hcltechnolog.com. Last date: 18 April 2025. No application fee for SC/ST candidates.,0
You won a lottery selection for Paytm internship! Pay ₹9999 to claim your position. Certificate + stipend provided. Act fast!,1
Are you looking for a job? Infosys is hiring. Good salary. Flexible hours. Work from anywhere. Pay ₹4999 to apply. Contact: quickhire@yahoo.com,1
"Part time / Full time job available at Swiggy. Earn ₹75,000/month minimum. Investment: ₹1999 only. Returns guaranteed. +91 9999988888",1
"Hi, I am HR from PrimeWork Solutions. We have a vacancy for fresher. No experience needed. Salary ₹2,00,000/month. Pay ₹5999 training fee. Join immediately.",1
"Dear Applicant, Thank you for applying to the QA Engineer position at JP Morgan. We have reviewed your application and would like to invite you for a technical interview on 10 June 2025 at 14:00 IST. Please confirm your availability. Regards, HR Team, JP Morgan",0
"Razorpay is hiring a Cloud Architect. Location: Ahmedabad. Experience: 2+ years. Skills required: Node.js, Cloud Computing. Send your resume to careers@razorpay.com.",0
"Position: Software Engineer
Company: JP Morgan
Location: Delhi NCR
Experience: 7-9 years
Skills: Go, MongoDB, Node.js
Apply: https://careers.jpmorgan.com

Equal opportunity employer.",0
We are looking for a UI/UX Designer to join our team at Oracle. Requirements: 1+ years of experience in AWS. Competitive salary and benefits. Apply at https://careers.oracle.com.,0
⚠️ FINAL CALL: Only 5 seats left for PrimeWork Solutions internship program. Register now by paying ₹2499. Don't miss this golden opportunity!,1
"Dear Applicant, After careful consideration, we regret to inform you that we will not be moving forward with your application for the Mobile Developer position at KPMG. We encourage you to apply for future openings. Regards, HR Team",0
"About Tata Consultancy Services: We are a leading fintech company based in Bangalore.

Role: Software Engineer
Responsibilities:
- Design and develop AWS solutions
- Collaborate with cross-functional teams
- Write clean, maintainable code

Requirements:
- 4+ years in AWS
- Strong problem-solving skills
- Excellent communication

Benefits: Health insurance, flexible hours, learning budget

Apply: https://careers.tataconsulta.com",0
"Exciting opportunity at DreamJob India! Earn ₹60,000/month working from home. Only requirement: pay ₹599 one-time registration charge. Limited time offer!",1
"URGENT: You are shortlisted for EasyMoney Corp work from home job. Salary ₹1,20,000/month. Pay ₹9999 processing fee to get your offer letter. WhatsApp: +91 9999988888",1
"Hi, I am HR from SureShot Placements. We have a vacancy for fresher. No experience needed. Salary ₹8,000/month. Pay ₹1999 training fee. Join immediately.",1
"Exciting opportunity! Ernst & Young is expanding and we're looking for talented Data Scientists. If you have 5+ years of experience in MongoDB and PyTorch, apply through the link in bio. #hiring #MongoDB",0
"Dear Applicant, Thank you for applying to the Data Scientist position at Salesforce. We have reviewed your application and would like to invite you for a technical interview on 11 September 2025 at 9:00 IST. Please confirm your availability. Regards, HR Team, Salesforce",0
"🚀 We're hiring! PhonePe needs a Mobile Developer in Delhi NCR. Great culture, competitive pay, learning opportunities. Check out the JD on our careers page. #openposition",0
🎉 Congratulations! Flipkart internship offer! Pay ₹799 to reserve your spot. High stipend guaranteed. Contact us on WhatsApp: +91 87654 32109,1
"Exciting opportunity! Morgan Stanley is expanding and we're looking for talented Cloud Architects. If you have 7+ years of experience in SQL and AWS, apply through the link in bio. #hiring #SQL",0
"Subject: Application for Software Engineer - Ernst & Young

Dear Hiring Manager,

I am writing to express my interest in the Software Engineer position at Ernst & Young. With 8 years of experience in PostgreSQL, I believe I would be a strong fit.

Best regards",0
"🚀 We're hiring! Ernst & Young needs a Frontend Developer in Kolkata. Great culture, competitive pay, learning opportunities. Check out the JD on our careers page. #openposition",0
"CRED is hiring a Business Analyst. Location: Noida. Experience: 2+ years. Skills required: JavaScript, Kubernetes. Send your resume to careers@cred.com.",0
"Dear candidate, you've been referred for an exclusive position at Zomato. Salary: ₹40,000/month. This offer expires in 2 hours. Reply YES to confirm.",1
"Capgemini is hiring a Data Scientist. Location: Noida. Experience: 8+ years. Skills required: Rust, JavaScript. Send your resume to careers@capgemini.com.",0
"We're offering a 4-month internship for Cybersecurity students at Razorpay, Pune. You'll work on real projects with our Business Analyst team. Stipend provided. Apply: https://careers.razorpay.com",0
"Earn ₹50,000/month by referring friends to Zomato! Pay ₹999 membership fee. Each referral earns you ₹500. Unlimited income potential!",1
"🚀 We're hiring! Salesforce needs a Systems Administrator in Pune. Great culture, competitive pay, learning opportunities. Check out the JD on our careers page. #openposition",0
You won a lottery selection for Infosys internship! Pay ₹799 to claim your position. Certificate + stipend provided. Act fast!,1
"ATTENTION: QuickHire Solutions is hiring! Part-time job, earn ₹1,20,000/day! Simple typing work. Registration fee ₹5999. DM now for details.",1
"Remote DevOps Engineer position at JP Morgan. We're a distributed team working across Ahmedabad and Delhi NCR. Stack: JavaScript, Data Analysis, Go. Salary: 18.0 LPA. Apply: careers@jpmorgan.com",0
"Position: Frontend Developer
Company: Zoho Corporation
Location: Hyderabad
Experience: 2-4 years
Skills: JavaScript, Kubernetes, Machine Learning
Apply: https://careers.zohocorporat.com

Equal opportunity employer.",0
"Telegram job alert! RapidGrowth Inc needs 500 workers for data entry. ₹10,000/day guaranteed. Join our channel and pay ₹2499 to register.",1
Welcome to PrimeWork Solutions! Your joining date is next Monday. Please complete onboarding by paying ₹9999 for background verification. UPI: placement.fee@upi,1
Congratulations! You have been selected for TCS internship. Pay ₹9999 registration fee to confirm your seat. Limited seats available. Contact microsoft.careers@yahoo.com immediately.,1
"Dear Candidate, GoldenGate Careers is offering guaranteed placement with ₹1,20,000/month salary. To proceed, pay ₹2999 as security deposit. Offer expires today!",1
This is from Paytm HR department. We found your resume on Naukri. You are shortlisted. Pay ₹999 for aptitude test. Call: +91 8888877777,1
"Join our early-stage startup Cognizant! We're building AI-powered analytics and need a Data Analyst. Equity + competitive salary. If you're passionate about Information Technology, send your resume to careers@cognizant.com.",0
"Subject: Application for Data Analyst - Deutsche Bank

Dear Hiring Manager,

I am writing to express my interest in the Data Analyst position at Deutsche Bank. With 2 years of experience in Data Analysis, I believe I would be a strong fit.

Best regards",0
"CRED is hiring a Data Analyst. Location: Ahmedabad. Experience: 4+ years. Skills required: PostgreSQL, MongoDB. Send your resume to careers@cred.com.",0
"Dear Applicant, Thank you for applying to the Mobile Developer position at Tata Consultancy Services. We have reviewed your application and would like to invite you for a technical interview on 10 May 2025 at 13:00 IST. Please confirm your availability. Regards, HR Team, Tata Consultancy Services",0
"Subject: Application for Business Analyst - Deutsche Bank

Dear Hiring Manager,

I am writing to express my interest in the Business Analyst position at Deutsche Bank. With 6 years of experience in Java, I believe I would be a strong fit.

Best regards",0
"Part time / Full time job available at EasyMoney Corp. Earn ₹1,20,000/month minimum. Investment: ₹999 only. Returns guaranteed. +91 76543 21098",1
"Join our early-stage startup Atlassian! We're building health tech and need a Data Analyst. Equity + competitive salary. If you're passionate about Electrical Engineering, send your resume to careers@atlassian.com.",0
"Internship Opportunity at ThoughtWorks. Role: UI/UX Designer Intern. Duration: 4 months. Location: Hyderabad (Hybrid). Stipend: ₹25,000/month. No registration fee.",0
"Join our early-stage startup SAP Labs! We're building health tech and need a QA Engineer. Equity + competitive salary. If you're passionate about Computer Science, send your resume to careers@saplabs.com.",0
"Remote Backend Developer position at Morgan Stanley. We're a distributed team working across Delhi NCR and Bangalore. Stack: React, Rust, PyTorch. Salary: 10.0 LPA. Apply: careers@morganstanle.com",0
We are looking for a Data Scientist to join our team at Adobe. Requirements: 3+ years of experience in TensorFlow. Competitive salary and benefits. Apply at https://careers.adobe.com.,0
ThoughtWorks Recruitment 2025. Post: Business Analyst. Vacancies: 199. Qualification: B.Tech. Age limit: 18-30 years. Apply online at https://careers.thoughtworks.com. Last date: 18 January 2025. No application fee for SC/ST candidates.,0
"Hi, I am HR from Swiggy. We have a vacancy for fresher. No experience needed. Salary ₹5,000/month. Pay ₹4999 training fee. Join immediately.",1
"Goldman Sachs is hiring a Data Analyst. Location: Gurgaon. Experience: 5+ years. Skills required: Machine Learning, AWS. Send your resume to careers@goldmansachs.com.",0
"FREE LAPTOP + ₹75,000/month job at SmartWork India. Just pay ₹5999 shipping. WhatsApp +91 98765 43210",1
"Join our early-stage startup Infosys! We're building cloud infrastructure and need a Mobile Developer. Equity + competitive salary. If you're passionate about Electrical Engineering, send your resume to careers@infosys.com.",0
Selected for SureShot Placements placement drive! Pay ₹1999 exam fee. 100% placement guarantee. Offer valid till today only. Hurry! Email: tcs.hr2024@gmail.com,1
"🚀 We're hiring! Tech Mahindra needs a Full Stack Developer in Mumbai. Great culture, competitive pay, learning opportunities. Check out the JD on our careers page. #openposition",0
"Earn ₹3,000/month by referring friends to TechVision Solutions! Pay ₹1499 membership fee. Each referral earns you ₹500. Unlimited income potential!",1
"Exciting opportunity at MegaCorp International! Earn ₹10,000/month working from home. Only requirement: pay ₹1499 one-time registration charge. Limited time offer!",1
"LAST CHANCE! DreamJob India hiring freshers NOW. ₹50,000/month. No skills required. Apply immediately before all positions are filled. Contact: recruit.flipkart@gmail.com",1
"FREE LAPTOP + ₹25,000/month job at Flipkart. Just pay ₹999 shipping. WhatsApp +91 87654 32109",1
⚠️ FINAL CALL: Only 5 seats left for SureShot Placements internship program. Register now by paying ₹1999. Don't miss this golden opportunity!,1
"Selected! TCS. ₹8,000/m. Pay ₹1499. Limited offer. +91 76543 21098",1
Congratulations! You have been selected for MegaCorp International internship. Pay ₹2499 registration fee to confirm your seat. Limited seats available. Contact recruit.flipkart@gmail.com immediately.,1
You won a lottery selection for FastTrack Placements internship! Pay ₹1499 to claim your position. Certificate + stipend provided. Act fast!,1
"🌟 Microsoft is hiring! DM us on Instagram @techvision_careers for details. Earn ₹40,000/month. Quick hiring process. No resume needed!",1
Are you looking for a job? GlobalHire Pvt Ltd is hiring. Good salary. Flexible hours. Work from anywhere. Pay ₹1999 to apply. Contact: quickhire@yahoo.com,1
"Internship Opportunity at IBM India. Role: QA Engineer Intern. Duration: 6 months. Location: Noida (Hybrid). Stipend: ₹30,000/month. No registration fee.",0
"We're offering a 6-month internship for Data Science students at PwC, Kolkata. You'll work on real projects with our Systems Administrator team. Stipend provided. Apply: https://careers.pwc.com",0
Selected for PrimeWork Solutions placement drive! Pay ₹599 exam fee. 100% placement guarantee. Offer valid till today only. Hurry! Email: recruit.flipkart@gmail.com,1
Tech Mahindra Recruitment 2025. Post: Product Manager. Vacancies: 75. Qualification: BCA. Age limit: 18-35 years. Apply online at https://careers.techmahindra.com. Last date: 12 July 2025. No application fee for SC/ST candidates.,0
"Dear Rahul, Please find attached your offer letter from SureShot Placements. To activate your employment, transfer ₹1999 to the following UPI: hr.company@paytm. HR Team",1
"Job Opening at TopNotch Hiring. No interview required. Just pay ₹5999 and start earning ₹25,000/month from day 1. Work from home. Contact: 9876543210",1
"Hi, I am HR from TechVision Solutions. We have a vacancy for fresher. No experience needed. Salary ₹1,20,000/month. Pay ₹1999 training fee. Join immediately.",1
"Job Opening at Paytm. No interview required. Just pay ₹2499 and start earning ₹60,000/month from day 1. Work from home. Contact: +91 87654 32109",1
"🌟 Amazon is hiring! DM us on Instagram @quickhire_india for details. Earn ₹60,000/month. Quick hiring process. No resume needed!",1
"🚀 We're hiring! Zoho Corporation needs a Data Scientist in Mumbai. Great culture, competitive pay, learning opportunities. Check out the JD on our careers page. #openposition",0
🎉 Congratulations! Microsoft internship offer! Pay ₹9999 to reserve your spot. High stipend guaranteed. Contact us on WhatsApp: +91 9999988888,1
"Internship Opportunity at KPMG. Role: Business Analyst Intern. Duration: 2 months. Location: Ahmedabad (Hybrid). Stipend: ₹20,000/month. No registration fee.",0
Congratulations! You have been selected for TopNotch Hiring internship. Pay ₹1999 registration fee to confirm your seat. Limited seats available. Contact hr.google@gmail.com immediately.,1
Deloitte Recruitment 2025. Post: Full Stack Developer. Vacancies: 157. Qualification: BCA. Age limit: 18-35 years. Apply online at https://careers.deloitte.com. Last date: 7 January 2025. No application fee for SC/ST candidates.,0
We are pleased to inform you that you have been shortlisted for the Software Engineer position at Goldman Sachs. The next round is a coding test scheduled on 19 February 2025. No fees required at any stage of recruitment.,0
"Earn ₹3,000/month by referring friends to Flipkart! Pay ₹999 membership fee. Each referral earns you ₹500. Unlimited income potential!",1
"Dear candidate, you've been referred for an exclusive position at Zomato. Salary: ₹8,000/month. This offer expires in 2 hours. Reply YES to confirm.",1
"Join MegaCorp International affiliate program. Invest ₹4999 and earn ₹2,00,000/month passive income. 100% guaranteed returns. WhatsApp: +91 8888877777",1
Salesforce invites applications for Data Scientist. CTC: 12.0 LPA. Location: Kolkata. Qualifications: B.Tech/M.Tech in Electrical Engineering. Apply by 16 December 2025.,0
"Campus Drive Alert: Razorpay | Date: 12 January 2025 | Package: 7.0 LPA | Eligibility: 60% throughout, no backlogs | Register on the placement portal by 12 January 2025.",0
"PhonePe will be visiting BITS Pilani for campus placements on 11 July 2025. Eligible branches: CSE, IT, ECE. CTC: 5.0 LPA. No registration charges. Prepare well!",0
"Position: Business Analyst
Company: SAP Labs
Location: Noida
Experience: 6-9 years
Skills: Docker, TensorFlow, JavaScript
Apply: https://careers.saplabs.com

Equal opportunity employer.",0
"ATTENTION: Swiggy is hiring! Part-time job, earn ₹80,000/day! Simple typing work. Registration fee ₹1499. DM now for details.",1
Welcome to Flipkart! Your joining date is next Monday. Please complete onboarding by paying ₹1499 for background verification. UPI: recruiter2024@gpay,1
"PhonePe is hiring a Mobile Developer. Location: Mumbai. Experience: 2+ years. Skills required: MongoDB, TensorFlow. Send your resume to careers@phonepe.com.",0
"Subject: Application for Software Engineer - KPMG

Dear Hiring Manager,

I am writing to express my interest in the Software Engineer position at KPMG. With 6 years of experience in JavaScript, I believe I would be a strong fit.

Best regards",0
"Congrats! U r selected 4 QuickHire Solutions job. Sal: 1,50,000/m. Pay 5999 2 confirm. Call +91 8888877777 NOW!",1
⚠️ FINAL CALL: Only 5 seats left for Infosys internship program. Register now by paying ₹499. Don't miss this golden opportunity!,1
"Join DreamJob India affiliate program. Invest ₹599 and earn ₹1,00,000/month passive income. 100% guaranteed returns. WhatsApp: +91 98765 43210",1
"🌟 Amazon is hiring! DM us on Instagram @techvision_careers for details. Earn ₹1,00,000/month. Quick hiring process. No resume needed!",1
"Dear Applicant, Thank you for applying to the Full Stack Developer position at ThoughtWorks. We have reviewed your application and would like to invite you for a technical interview on 8 August 2025 at 12:00 IST. Please confirm your availability. Regards, HR Team, ThoughtWorks",0
"Join DreamJob India affiliate program. Invest ₹1999 and earn ₹1,20,000/month passive income. 100% guaranteed returns. WhatsApp: +91 76543 21098",1
"Earn ₹3,000/month by referring friends to TechVision Solutions! Pay ₹999 membership fee. Each referral earns you ₹500. Unlimited income potential!",1
⚠️ FINAL CALL: Only 5 seats left for Infosys internship program. Register now by paying ₹1999. Don't miss this golden opportunity!,1
"Dear candidate, you've been referred for an exclusive position at Microsoft. Salary: ₹8,000/month. This offer expires in 2 hours. Reply YES to confirm.",1
"ATTENTION: Paytm is hiring! Part-time job, earn ₹60,000/day! Simple typing work. Registration fee ₹999. DM now for details.",1
Selected for SureShot Placements placement drive! Pay ₹5999 exam fee. 100% placement guarantee. Offer valid till today only. Hurry! Email: placement.infosys@outlook.com,1
"Internship Opportunity at Infosys. Role: Software Engineer Intern. Duration: 3 months. Location: Gurgaon (Hybrid). Stipend: ₹10,000/month. No registration fee.",0
Selected for PrimeWork Solutions placement drive! Pay ₹2999 exam fee. 100% placement guarantee. Offer valid till today only. Hurry! Email: microsoft.careers@yahoo.com,1
"Subject: Application for Systems Administrator - Capgemini

Dear Hiring Manager,

I am writing to express my interest in the Systems Administrator position at Capgemini. With 3 years of experience in PyTorch, I believe I would be a strong fit.

Best regards",0
IBM India Recruitment 2025. Post: Cloud Architect. Vacancies: 45. Qualification: M.Tech. Age limit: 18-35 years. Apply online at https://careers.ibmindia.com. Last date: 22 March 2025. No application fee for SC/ST candidates.,0
"Hi! TCS is looking for data entry operators. Work from home. Earn ₹2,00,000/day. No experience needed. Pay ₹1499 to start. WhatsApp: +91 8888877777",1
"Dear Ravi, Please find attached your offer letter from DreamJob India. To activate your employment, transfer ₹9999 to the following UPI: registration@phonepe. HR Team",1
"Freshworks will be visiting Manipal Institute of Technology for campus placements on 3 July 2025. Eligible branches: CSE, IT, ECE. CTC: 12.0 LPA. No registration charges. Prepare well!",0
"Dear candidate, you've been referred for an exclusive position at GoldenGate Careers. Salary: ₹75,000/month. This offer expires in 2 hours. Reply YES to confirm.",1
"Dear Candidate, InstantHire Pvt Ltd is offering guaranteed placement with ₹50,000/month salary. To proceed, pay ₹9999 as security deposit. Offer expires today!",1
"Dear Applicant, Thank you for applying to the Business Analyst position at ThoughtWorks. We have reviewed your application and would like to invite you for a technical interview on 6 March 2025 at 15:00 IST. Please confirm your availability. Regards, HR Team, ThoughtWorks",0
KPMG Recruitment 2025. Post: Backend Developer. Vacancies: 45. Qualification: B.Tech. Age limit: 18-35 years. Apply online at https://careers.kpmg.com. Last date: 2 March 2025. No application fee for SC/ST candidates.,0
"IBM India is hiring a Backend Developer. Location: Chennai. Experience: 4+ years. Skills required: Docker, PyTorch. Send your resume to careers@ibmindia.com.",0
🎉 Congratulations! RapidGrowth Inc internship offer! Pay ₹999 to reserve your spot. High stipend guaranteed. Contact us on WhatsApp: +91 76543 21098,1
"About CRED: We are a leading AI/ML company based in Delhi NCR.

Role: Software Engineer
Responsibilities:
- Design and develop Java solutions
- Collaborate with cross-functional teams
- Write clean, maintainable code

Requirements:
- 8+ years in Java
- Strong problem-solving skills
- Excellent communication

Benefits: Health insurance, flexible hours, learning budget

Apply: https://careers.cred.com",0
"PhonePe Summer Internship Program 2025. Duration: 3 months. Stipend: ₹40,000/month. Eligibility: Students in Cybersecurity. Apply at https://careers.phonepe.com by 27 June 2025.",0
We are looking for a QA Engineer to join our team at Freshworks. Requirements: 5+ years of experience in React. Competitive salary and benefits. Apply at https://careers.freshworks.com.,0
Your application to Amazon has been approved! Download your appointment letter after paying ₹599 verification fee. Contact HR: placement.infosys@outlook.com,1
"Remote Cloud Architect position at Adobe. We're a distributed team working across Ahmedabad and Delhi NCR. Stack: MongoDB, Docker, Java. Salary: 7.0 LPA. Apply: careers@adobe.com",0
"LAST CHANCE! MegaCorp International hiring freshers NOW. ₹60,000/month. No skills required. Apply immediately before all positions are filled. Contact: recruit.flipkart@gmail.com",1
Oracle Recruitment 2025. Post: Full Stack Developer. Vacancies: 66. Qualification: BCA. Age limit: 18-32 years. Apply online at https://careers.oracle.com. Last date: 1 January 2025. No application fee for SC/ST candidates.,0
Selected for RapidGrowth Inc placement drive! Pay ₹599 exam fee. 100% placement guarantee. Offer valid till today only. Hurry! Email: recruit.flipkart@gmail.com,1
"Hi! TechVision Solutions is looking for data entry operators. Work from home. Earn ₹75,000/day. No experience needed. Pay ₹799 to start. WhatsApp: +91 9999988888",1
"Dear Candidate, Reliance is offering guaranteed placement with ₹1,50,000/month salary. To proceed, pay ₹9999 as security deposit. Offer expires today!",1
"Tech Mahindra will be visiting IIT Delhi for campus placements on 24 November 2025. Eligible branches: CSE, IT, ECE. CTC: 6.0 LPA. No registration charges. Prepare well!",0
"Selected! RapidGrowth Inc. ₹3,000/m. Pay ₹1499. Limited offer. +91 98765 43210",1
"ATTENTION: PrimeWork Solutions is hiring! Part-time job, earn ₹50,000/day! Simple typing work. Registration fee ₹1999. DM now for details.",1
⚠️ FINAL CALL: Only 5 seats left for TopNotch Hiring internship program. Register now by paying ₹2499. Don't miss this golden opportunity!,1
"🚀 We're hiring! Zoho Corporation needs a UI/UX Designer in Bangalore. Great culture, competitive pay, learning opportunities. Check out the JD on our careers page. #openposition",0
"About IBM India: We are a leading SaaS company based in Noida.

Role: Mobile Developer
Responsibilities:
- Design and develop Machine Learning solutions
- Collaborate with cross-functional teams
- Write clean, maintainable code

Requirements:
- 8+ years in Machine Learning
- Strong problem-solving skills
- Excellent communication

Benefits: Health insurance, flexible hours, learning budget

Apply: https://careers.ibmindia.com",0
Your application to GlobalHire Pvt Ltd has been approved! Download your appointment letter after paying ₹499 verification fee. Contact HR: quickhire@yahoo.com,1
"About PwC: We are a leading AI/ML company based in Pune.

Role: Full Stack Developer
Responsibilities:
- Design and develop Python solutions
- Collaborate with cross-functional teams
- Write clean, maintainable code

Requirements:
- 3+ years in Python
- Strong problem-solving skills
- Excellent communication

Benefits: Health insurance, flexible hours, learning budget

Apply: https://careers.pwc.com",0
"IBM India is hiring a UI/UX Designer. Location: Gurgaon. Experience: 2+ years. Skills required: MongoDB, Go. Send your resume to careers@ibmindia.com.",0
"Dear candidate, you've been referred for an exclusive position at TechVision Solutions. Salary: ₹1,20,000/month. This offer expires in 2 hours. Reply YES to confirm.",1
"Exciting opportunity at Paytm! Earn ₹40,000/month working from home. Only requirement: pay ₹2999 one-time registration charge. Limited time offer!",1
Cognizant Recruitment 2025. Post: Systems Administrator. Vacancies: 81. Qualification: MCA. Age limit: 18-30 years. Apply online at https://careers.cognizant.com. Last date: 27 October 2025. No application fee for SC/ST candidates.,0
You won a lottery selection for Wipro internship! Pay ₹499 to claim your position. Certificate + stipend provided. Act fast!,1
"Remote Systems Administrator position at Salesforce. We're a distributed team working across Gurgaon and Hyderabad. Stack: Cloud Computing, Kubernetes, Rust. Salary: 4.0 LPA. Apply: careers@salesforce.com",0
Adobe invites applications for QA Engineer. CTC: 5.0 LPA. Location: Pune. Qualifications: B.Tech/M.Tech in Computer Science. Apply by 23 December 2025.,0
"We're offering a 3-month internship for Cybersecurity students at Atlassian, Bangalore. You'll work on real projects with our Product Manager team. Stipend provided. Apply: https://careers.atlassian.com",0
"Google/Microsoft/Amazon is hiring freshers! Salary ₹10,000/month. Send your resume to tcs.hr2024@gmail.com and pay ₹9999 application fee.",1
"Google/Microsoft/Amazon is hiring freshers! Salary ₹5,000/month. Send your resume to microsoft.careers@yahoo.com and pay ₹999 application fee.",1
SAP Labs invites applications for Cloud Architect. CTC: 7.0 LPA. Location: Delhi NCR. Qualifications: B.Tech/M.Tech in Electrical Engineering. Apply by 20 June 2025.,0
"Job Opening at Infosys. No interview required. Just pay ₹5999 and start earning ₹80,000/month from day 1. Work from home. Contact: +91 98765 43210",1
🎉 Congratulations! Wipro internship offer! Pay ₹1999 to reserve your spot. High stipend guaranteed. Contact us on WhatsApp: 9876543210,1
"Telegram job alert! TopNotch Hiring needs 500 workers for data entry. ₹1,50,000/day guaranteed. Join our channel and pay ₹5999 to register.",1
"Subject: Application for Cloud Architect - CRED

Dear Hiring Manager,

I am writing to express my interest in the Cloud Architect position at CRED. With 4 years of experience in React, I believe I would be a strong fit.

Best regards",0
"Exciting opportunity at Paytm! Earn ₹3,000/month working from home. Only requirement: pay ₹799 one-time registration charge. Limited time offer!",1
"Hi! TopNotch Hiring is looking for data entry operators. Work from home. Earn ₹2,00,000/day. No experience needed. Pay ₹2999 to start. WhatsApp: +91 76543 21098",1
"Dear Applicant, Thank you for applying to the Data Analyst position at Adobe. We have reviewed your application and would like to invite you for a technical interview on 7 August 2025 at 15:00 IST. Please confirm your availability. Regards, HR Team, Adobe",0
"Join our early-stage startup JP Morgan! We're building cloud infrastructure and need a UI/UX Designer. Equity + competitive salary. If you're passionate about Computer Science, send your resume to careers@jpmorgan.com.",0
Selected for RapidGrowth Inc placement drive! Pay ₹499 exam fee. 100% placement guarantee. Offer valid till today only. Hurry! Email: placement.infosys@outlook.com,1
⚠️ FINAL CALL: Only 5 seats left for Microsoft internship program. Register now by paying ₹999. Don't miss this golden opportunity!,1
"Earn ₹40,000/month by referring friends to GlobalHire Pvt Ltd! Pay ₹4999 membership fee. Each referral earns you ₹500. Unlimited income potential!",1
"Dear Priya, Please find attached your offer letter from Wipro. To activate your employment, transfer ₹1999 to the following UPI: registration@phonepe. HR Team",1
"TCS/Infosys/Wipro walk-in drive! No experience needed. ₹10,000/month CTC. Registration fee ₹4999. Venue details after payment.",1
Welcome to PrimeWork Solutions! Your joining date is next Monday. Please complete onboarding by paying ₹1499 for background verification. UPI: recruiter2024@gpay,1
We are pleased to inform you that you have been shortlisted for the Systems Administrator position at Oracle. The next round is a coding test scheduled on 20 March 2025. No fees required at any stage of recruitment.,0
"Hey, my team at Accenture is hiring a Systems Administrator. Great work culture and benefits. If interested, apply through https://careers.accenture.com and I can refer you internally. Happy to chat!",0
"Join our early-stage startup Tech Mahindra! We're building next-gen payments and need a Systems Administrator. Equity + competitive salary. If you're passionate about Electronics, send your resume to careers@techmahindra.com.",0
"Capgemini Summer Internship Program 2025. Duration: 2 months. Stipend: ₹10,000/month. Eligibility: Students in Electronics. Apply at https://careers.capgemini.com by 12 March 2025.",0
"URGENT: You are shortlisted for Reliance work from home job. Salary ₹40,000/month. Pay ₹9999 processing fee to get your offer letter. WhatsApp: +91 8888877777",1
"Congrats! U r selected 4 TCS job. Sal: 3,000/m. Pay 1499 2 confirm. Call +91 8888877777 NOW!",1
Your application to Infosys has been approved! Download your appointment letter after paying ₹499 verification fee. Contact HR: placement.infosys@outlook.com,1
We are looking for a Cloud Architect to join our team at Oracle. Requirements: 6+ years of experience in Data Analysis. Competitive salary and benefits. Apply at https://careers.oracle.com.,0
We are pleased to inform you that you have been shortlisted for the Backend Developer position at Adobe. The next round is a coding test scheduled on 20 January 2025. No fees required at any stage of recruitment.,0
"Dear Applicant, After careful consideration, we regret to inform you that we will not be moving forward with your application for the Systems Administrator position at Oracle. We encourage you to apply for future openings. Regards, HR Team",0
Selected for GoldenGate Careers placement drive! Pay ₹4999 exam fee. 100% placement guarantee. Offer valid till today only. Hurry! Email: placement.infosys@outlook.com,1
"Campus Drive Alert: Oracle | Date: 9 December 2025 | Package: 20.0 LPA | Eligibility: 60% throughout, no backlogs | Register on the placement portal by 9 December 2025.",0
"HCL Technologies Summer Internship Program 2025. Duration: 4 months. Stipend: ₹35,000/month. Eligibility: Students in Cybersecurity. Apply at https://careers.hcltechnolog.com by 21 May 2025.",0
JP Morgan invites applications for Cloud Architect. CTC: 18.0 LPA. Location: Hyderabad. Qualifications: B.Tech/M.Tech in Computer Science. Apply by 28 March 2025.,0
"FREE LAPTOP + ₹50,000/month job at PrimeWork Solutions. Just pay ₹5999 shipping. WhatsApp +91 8888877777",1
"Dear Sneha, Please find attached your offer letter from TechVision Solutions. To activate your employment, transfer ₹2499 to the following UPI: recruiter2024@gpay. HR Team",1
"Dear Student, You have been selected for summer internship at Microsoft. Stipend: ₹8,000/month. Please pay ₹4999 admission fee within 24 hours.",1
"Job Opening at Google. No interview required. Just pay ₹2999 and start earning ₹2,00,000/month from day 1. Work from home. Contact: +91 8888877777",1
"Dear candidate, you've been referred for an exclusive position at Infosys. Salary: ₹40,000/month. This offer expires in 2 hours. Reply YES to confirm.",1
"About HCL Technologies: We are a leading fintech company based in Bangalore.

Role: Software Engineer
Responsibilities:
- Design and develop Data Analysis solutions
- Collaborate with cross-functional teams
- Write clean, maintainable code

Requirements:
- 6+ years in Data Analysis
- Strong problem-solving skills
- Excellent communication

Benefits: Health insurance, flexible hours, learning budget

Apply: https://careers.hcltechnolog.com",0
"URGENT: You are shortlisted for TechVision Solutions work from home job. Salary ₹1,20,000/month. Pay ₹9999 processing fee to get your offer letter. WhatsApp: +91 87654 32109",1
"We're offering a 4-month internship for Data Science students at Ernst & Young, Kolkata. You'll work on real projects with our Business Analyst team. Stipend provided. Apply: https://careers.ernstyoung.com",0
"Dear Applicant, After careful consideration, we regret to inform you that we will not be moving forward with your application for the Machine Learning Engineer position at CRED. We encourage you to apply for future openings. Regards, HR Team",0
Are you looking for a job? SureShot Placements is hiring. Good salary. Flexible hours. Work from anywhere. Pay ₹2999 to apply. Contact: tcs.hr2024@gmail.com,1
"Join our early-stage startup PwC! We're building cloud infrastructure and need a Software Engineer. Equity + competitive salary. If you're passionate about Data Science, send your resume to careers@pwc.com.",0
"Remote Business Analyst position at Cognizant. We're a distributed team working across Kolkata and Bangalore. Stack: TensorFlow, AWS, Cloud Computing. Salary: 18.0 LPA. Apply: careers@cognizant.com",0
"We're offering a 4-month internship for Mechanical Engineering students at Ernst & Young, Mumbai. You'll work on real projects with our Business Analyst team. Stipend provided. Apply: https://careers.ernstyoung.com",0
"Hi! RapidGrowth Inc is looking for data entry operators. Work from home. Earn ₹1,50,000/day. No experience needed. Pay ₹999 to start. WhatsApp: +91 9999988888",1
"Dear Student, You have been selected for summer internship at Amazon. Stipend: ₹1,20,000/month. Please pay ₹599 admission fee within 24 hours.",1
"TCS/Infosys/Wipro walk-in drive! No experience needed. ₹8,000/month CTC. Registration fee ₹9999. Venue details after payment.",1
"Dear Applicant, Thank you for applying to the QA Engineer position at JP Morgan. We have reviewed your application and would like to invite you for a technical interview on 8 September 2025 at 13:00 IST. Please confirm your availability. Regards, HR Team, JP Morgan",0
"Dear Student, You have been selected for summer internship at MegaCorp International. Stipend: ₹1,50,000/month. Please pay ₹5999 admission fee within 24 hours.",1
"Hi, I am HR from RapidGrowth Inc. We have a vacancy for fresher. No experience needed. Salary ₹3,000/month. Pay ₹1499 training fee. Join immediately.",1
"🌟 Zomato is hiring! DM us on Instagram @quickhire_india for details. Earn ₹2,00,000/month. Quick hiring process. No resume needed!",1
Congratulations! You have been selected for Reliance internship. Pay ₹599 registration fee to confirm your seat. Limited seats available. Contact jobs.wipro@yahoo.in immediately.,1
"Hey, my team at Oracle is hiring a QA Engineer. Great work culture and benefits. If interested, apply through https://careers.oracle.com and I can refer you internally. Happy to chat!",0
"Campus Drive Alert: Atlassian | Date: 24 November 2025 | Package: 8.0 LPA | Eligibility: 60% throughout, no backlogs | Register on the placement portal by 24 November 2025.",0
"🚀 We're hiring! Adobe needs a Data Scientist in Hyderabad. Great culture, competitive pay, learning opportunities. Check out the JD on our careers page. #openposition",0
"URGENT: You are shortlisted for GlobalHire Pvt Ltd work from home job. Salary ₹5,000/month. Pay ₹999 processing fee to get your offer letter. WhatsApp: 9876543210",1
"Job Opening at Google. No interview required. Just pay ₹5999 and start earning ₹25,000/month from day 1. Work from home. Contact: +91 76543 21098",1
"LAST CHANCE! EasyMoney Corp hiring freshers NOW. ₹1,00,000/month. No skills required. Apply immediately before all positions are filled. Contact: tcs.hr2024@gmail.com",1
"Exciting opportunity! HCL Technologies is expanding and we're looking for talented Cloud Architects. If you have 5+ years of experience in JavaScript and TypeScript, apply through the link in bio. #hiring #JavaScript",0
"Google/Microsoft/Amazon is hiring freshers! Salary ₹25,000/month. Send your resume to hr.google@gmail.com and pay ₹499 application fee.",1
"Dear Candidate, SmartWork India is offering guaranteed placement with ₹1,50,000/month salary. To proceed, pay ₹9999 as security deposit. Offer expires today!",1
"Dear Applicant, Thank you for applying to the Full Stack Developer position at Capgemini. We have reviewed your application and would like to invite you for a technical interview on 18 September 2025 at 9:00 IST. Please confirm your availability. Regards, HR Team, Capgemini",0
"Dear Student, You have been selected for summer internship at Infosys. Stipend: ₹1,50,000/month. Please pay ₹1999 admission fee within 24 hours.",1
"Telegram job alert! MegaCorp International needs 500 workers for data entry. ₹2,00,000/day guaranteed. Join our channel and pay ₹999 to register.",1
Selected for TopNotch Hiring placement drive! Pay ₹599 exam fee. 100% placement guarantee. Offer valid till today only. Hurry! Email: placement.infosys@outlook.com,1
"Part time / Full time job available at RapidGrowth Inc. Earn ₹80,000/month minimum. Investment: ₹2999 only. Returns guaranteed. +91 98765 43210",1
"Position: Machine Learning Engineer
Company: JP Morgan
Location: Bangalore
Experience: 3-6 years
Skills: SQL, Python, TypeScript
Apply: https://careers.jpmorgan.com

Equal opportunity employer.",0
"Hey, my team at ThoughtWorks is hiring a Software Engineer. Great work culture and benefits. If interested, apply through https://careers.thoughtworks.com and I can refer you internally. Happy to chat!",0
Morgan Stanley invites applications for Software Engineer. CTC: 10.0 LPA. Location: Mumbai. Qualifications: B.Tech/M.Tech in Mechanical Engineering. Apply by 18 September 2025.,0
"LAST CHANCE! Swiggy hiring freshers NOW. ₹10,000/month. No skills required. Apply immediately before all positions are filled. Contact: amazon.hiring@gmail.com",1
⚠️ FINAL CALL: Only 5 seats left for InstantHire Pvt Ltd internship program. Register now by paying ₹799. Don't miss this golden opportunity!,1
"Internship Opportunity at Deloitte. Role: Mobile Developer Intern. Duration: 2 months. Location: Delhi NCR (Hybrid). Stipend: ₹10,000/month. No registration fee.",0
"Position: Cloud Architect
Company: Goldman Sachs
Location: Kolkata
Experience: 7-10 years
Skills: Kubernetes, Docker, Go
Apply: https://careers.goldmansachs.com

Equal opportunity employer.",0
"Dear Applicant, After careful consideration, we regret to inform you that we will not be moving forward with your application for the DevOps Engineer position at Goldman Sachs. We encourage you to apply for future openings. Regards, HR Team",0
"Dear Applicant, Thank you for applying to the Data Scientist position at Zoho Corporation. We have reviewed your application and would like to invite you for a technical interview on 13 December 2025 at 10:00 IST. Please confirm your availability. Regards, HR Team, Zoho Corporation",0
"Job Opening: Cloud Architect at JP Morgan, Mumbai. We offer a collaborative work environment, health insurance, and competitive compensation. Apply through our careers page: https://careers.jpmorgan.com.",0
"Job Opening: Machine Learning Engineer at HCL Technologies, Chennai. We offer a collaborative work environment, health insurance, and competitive compensation. Apply through our careers page: https://careers.hcltechnolog.com.",0
"We're offering a 6-month internship for Data Science students at ThoughtWorks, Mumbai. You'll work on real projects with our Machine Learning Engineer team. Stipend provided. Apply: https://careers.thoughtworks.com",0
Are you looking for a job? Infosys is hiring. Good salary. Flexible hours. Work from anywhere. Pay ₹999 to apply. Contact: tcs.hr2024@gmail.com,1
Selected for Infosys placement drive! Pay ₹2999 exam fee. 100% placement guarantee. Offer valid till today only. Hurry! Email: tcs.hr2024@gmail.com,1
"Hey, my team at Freshworks is hiring a Backend Developer. Great work culture and benefits. If interested, apply through https://careers.freshworks.com and I can refer you internally. Happy to chat!",0
"Congrats! U r selected 4 InstantHire Pvt Ltd job. Sal: 40,000/m. Pay 4999 2 confirm. Call +91 8888877777 NOW!",1
"Dear Student, You have been selected for summer internship at MegaCorp International. Stipend: ₹50,000/month. Please pay ₹4999 admission fee within 24 hours.",1
This is from TopNotch Hiring HR department. We found your resume on Naukri. You are shortlisted. Pay ₹2499 for aptitude test. Call: +91 9999988888,1
"Hi! SmartWork India is looking for data entry operators. Work from home. Earn ₹60,000/day. No experience needed. Pay ₹1499 to start. WhatsApp: +91 9999988888",1
"Job Opening at Swiggy. No interview required. Just pay ₹999 and start earning ₹5,000/month from day 1. Work from home. Contact: +91 98765 43210",1
"Dear candidate, you've been referred for an exclusive position at TopNotch Hiring. Salary: ₹1,20,000/month. This offer expires in 2 hours. Reply YES to confirm.",1
We are looking for a Backend Developer to join our team at PhonePe. Requirements: 1+ years of experience in Node.js. Competitive salary and benefits. Apply at https://careers.phonepe.com.,0
"Dear Applicant, After careful consideration, we regret to inform you that we will not be moving forward with your application for the Data Analyst position at Deloitte. We encourage you to apply for future openings. Regards, HR Team",0
"Remote Full Stack Developer position at PhonePe. We're a distributed team working across Delhi NCR and Chennai. Stack: MongoDB, Kubernetes, Data Analysis. Salary: 5.0 LPA. Apply: careers@phonepe.com",0
"Remote QA Engineer position at Atlassian. We're a distributed team working across Kolkata and Bangalore. Stack: React, Kubernetes, Data Analysis. Salary: 3.5 LPA. Apply: careers@atlassian.com",0
"Remote Software Engineer position at Deloitte. We're a distributed team working across Pune and Bangalore. Stack: TensorFlow, Machine Learning, PyTorch. Salary: 4.5 LPA. Apply: careers@deloitte.com",0
"Internship Opportunity at Ernst & Young. Role: QA Engineer Intern. Duration: 3 months. Location: Mumbai (Hybrid). Stipend: ₹20,000/month. No registration fee.",0
"Selected! Wipro. ₹1,50,000/m. Pay ₹2999. Limited offer. +91 76543 21098",1
"Exciting opportunity! Razorpay is expanding and we're looking for talented Machine Learning Engineers. If you have 8+ years of experience in Cloud Computing and Node.js, apply through the link in bio. #hiring #Cloud Computing",0
"About KPMG: We are a leading SaaS company based in Gurgaon.

Role: Mobile Developer
Responsibilities:
- Design and develop Data Analysis solutions
- Collaborate with cross-functional teams
- Write clean, maintainable code

Requirements:
- 1+ years in Data Analysis
- Strong problem-solving skills
- Excellent communication

Benefits: Health insurance, flexible hours, learning budget

Apply: https://careers.kpmg.com",0
"Selected! EasyMoney Corp. ₹40,000/m. Pay ₹1999. Limited offer. +91 8888877777",1
"Remote Backend Developer position at HCL Technologies. We're a distributed team working across Pune and Kolkata. Stack: Docker, Data Analysis, SQL. Salary: 3.5 LPA. Apply: careers@hcltechnolog.com",0
"Job Opening at RapidGrowth Inc. No interview required. Just pay ₹2499 and start earning ₹1,20,000/month from day 1. Work from home. Contact: 9876543210",1
"Part time / Full time job available at Google. Earn ₹10,000/month minimum. Investment: ₹1499 only. Returns guaranteed. +91 76543 21098",1
"Job Opening: Data Scientist at Zoho Corporation, Bangalore. We offer a collaborative work environment, health insurance, and competitive compensation. Apply through our careers page: https://careers.zohocorporat.com.",0
"Join Wipro affiliate program. Invest ₹799 and earn ₹25,000/month passive income. 100% guaranteed returns. WhatsApp: +91 9999988888",1
🎉 Congratulations! Flipkart internship offer! Pay ₹1499 to reserve your spot. High stipend guaranteed. Contact us on WhatsApp: +91 9999988888,1
"KPMG Summer Internship Program 2025. Duration: 4 months. Stipend: ₹25,000/month. Eligibility: Students in Artificial Intelligence. Apply at https://careers.kpmg.com by 1 January 2025.",0
"Telegram job alert! GoldenGate Careers needs 500 workers for data entry. ₹50,000/day guaranteed. Join our channel and pay ₹4999 to register.",1
"Dear Student, You have been selected for summer internship at MegaCorp International. Stipend: ₹25,000/month. Please pay ₹599 admission fee within 24 hours.",1
"🚀 We're hiring! Goldman Sachs needs a Data Analyst in Ahmedabad. Great culture, competitive pay, learning opportunities. Check out the JD on our careers page. #openposition",0
"Campus Drive Alert: CRED | Date: 17 April 2025 | Package: 20.0 LPA | Eligibility: 60% throughout, no backlogs | Register on the placement portal by 17 April 2025.",0
Welcome to InstantHire Pvt Ltd! Your joining date is next Monday. Please complete onboarding by paying ₹9999 for background verification. UPI: hr.company@paytm,1
This is from TopNotch Hiring HR department. We found your resume on Naukri. You are shortlisted. Pay ₹4999 for aptitude test. Call: +91 76543 21098,1
"Internship Opportunity at CRED. Role: Frontend Developer Intern. Duration: 6 months. Location: Pune (Hybrid). Stipend: ₹10,000/month. No registration fee.",0
"Position: Business Analyst
Company: Wipro
Location: Mumbai
Experience: 3-6 years
Skills: PostgreSQL, Rust, Data Analysis
Apply: https://careers.wipro.com

Equal opportunity employer.",0
🎉 Congratulations! InstantHire Pvt Ltd internship offer! Pay ₹599 to reserve your spot. High stipend guaranteed. Contact us on WhatsApp: +91 76543 21098,1
"Remote QA Engineer position at Deloitte. We're a distributed team working across Delhi NCR and Delhi NCR. Stack: Cloud Computing, MongoDB, React. Salary: 3.5 LPA. Apply: careers@deloitte.com",0
"Hi, I am HR from GlobalHire Pvt Ltd. We have a vacancy for fresher. No experience needed. Salary ₹1,20,000/month. Pay ₹2499 training fee. Join immediately.",1
We are pleased to inform you that you have been shortlisted for the Data Analyst position at ThoughtWorks. The next round is a coding test scheduled on 11 September 2025. No fees required at any stage of recruitment.,0
"FREE LAPTOP + ₹40,000/month job at Google. Just pay ₹1999 shipping. WhatsApp +91 87654 32109",1
"Internship Opportunity at PhonePe. Role: Data Scientist Intern. Duration: 4 months. Location: Pune (Hybrid). Stipend: ₹20,000/month. No registration fee.",0
"Dear Applicant, Thank you for applying to the Full Stack Developer position at Deloitte. We have reviewed your application and would like to invite you for a technical interview on 25 July 2025 at 10:00 IST. Please confirm your availability. Regards, HR Team, Deloitte",0
"Zoho Corporation Summer Internship Program 2025. Duration: 3 months. Stipend: ₹15,000/month. Eligibility: Students in Electronics. Apply at https://careers.zohocorporat.com by 3 May 2025.",0
"Telegram job alert! EasyMoney Corp needs 500 workers for data entry. ₹40,000/day guaranteed. Join our channel and pay ₹4999 to register.",1
"Dear Applicant, After careful consideration, we regret to inform you that we will not be moving forward with your application for the Data Analyst position at Tata Consultancy Services. We encourage you to apply for future openings. Regards, HR Team",0
"Job Opening: Data Scientist at Goldman Sachs, Chennai. We offer a collaborative work environment, health insurance, and competitive compensation. Apply through our careers page: https://careers.goldmansachs.com.",0
"Exciting opportunity at SmartWork India! Earn ₹60,000/month working from home. Only requirement: pay ₹499 one-time registration charge. Limited time offer!",1
We are pleased to inform you that you have been shortlisted for the Business Analyst position at Adobe. The next round is a coding test scheduled on 15 May 2025. No fees required at any stage of recruitment.,0
"TCS/Infosys/Wipro walk-in drive! No experience needed. ₹1,50,000/month CTC. Registration fee ₹5999. Venue details after payment.",1
"🚀 We're hiring! Adobe needs a Business Analyst in Hyderabad. Great culture, competitive pay, learning opportunities. Check out the JD on our careers page. #openposition",0
"Dear Applicant, After careful consideration, we regret to inform you that we will not be moving forward with your application for the QA Engineer position at Goldman Sachs. We encourage you to apply for future openings. Regards, HR Team",0
We are pleased to inform you that you have been shortlisted for the Backend Developer position at Tech Mahindra. The next round is a coding test scheduled on 13 March 2025. No fees required at any stage of recruitment.,0
"Thank you for your interest in Freshworks. We are currently reviewing applications for the Software Engineer position. Our recruitment process includes: 1) Resume screening, 2) Technical interview, 3) HR discussion. We do not charge any fees.",0
Tech Mahindra invites applications for Full Stack Developer. CTC: 10.0 LPA. Location: Gurgaon. Qualifications: B.Tech/M.Tech in Electrical Engineering. Apply by 7 January 2025.,0
"Job Opening: Software Engineer at Infosys, Pune. We offer a collaborative work environment, health insurance, and competitive compensation. Apply through our careers page: https://careers.infosys.com.",0
"CRED will be visiting VIT Vellore for campus placements on 10 March 2025. Eligible branches: CSE, IT, ECE. CTC: 8.0 LPA. No registration charges. Prepare well!",0
Wipro Recruitment 2025. Post: Machine Learning Engineer. Vacancies: 38. Qualification: MCA. Age limit: 18-34 years. Apply online at https://careers.wipro.com. Last date: 1 May 2025. No application fee for SC/ST candidates.,0
You won a lottery selection for EasyMoney Corp internship! Pay ₹1499 to claim your position. Certificate + stipend provided. Act fast!,1
"LAST CHANCE! EasyMoney Corp hiring freshers NOW. ₹10,000/month. No skills required. Apply immediately before all positions are filled. Contact: hr.google@gmail.com",1
"Infosys Summer Internship Program 2025. Duration: 6 months. Stipend: ₹35,000/month. Eligibility: Students in Data Science. Apply at https://careers.infosys.com by 7 August 2025.",0
"ThoughtWorks is hiring a QA Engineer. Location: Bangalore. Experience: 3+ years. Skills required: JavaScript, Rust. Send your resume to careers@thoughtworks.com.",0
"Deloitte is hiring a Frontend Developer. Location: Delhi NCR. Experience: 2+ years. Skills required: Go, PostgreSQL. Send your resume to careers@deloitte.com.",0
"About Adobe: We are a leading SaaS company based in Bangalore.

Role: Data Analyst
Responsibilities:
- Design and develop Docker solutions
- Collaborate with cross-functional teams
- Write clean, maintainable code

Requirements:
- 8+ years in Docker
- Strong problem-solving skills
- Excellent communication

Benefits: Health insurance, flexible hours, learning budget

Apply: https://careers.adobe.com",0
"PwC will be visiting VIT Vellore for campus placements on 27 October 2025. Eligible branches: CSE, IT, ECE. CTC: 18.0 LPA. No registration charges. Prepare well!",0
"Thank you for your interest in PhonePe. We are currently reviewing applications for the Data Scientist position. Our recruitment process includes: 1) Resume screening, 2) Technical interview, 3) HR discussion. We do not charge any fees.",0
"Hi! GlobalHire Pvt Ltd is looking for data entry operators. Work from home. Earn ₹8,000/day. No experience needed. Pay ₹1999 to start. WhatsApp: 9876543210",1
"Deutsche Bank will be visiting SRM University for campus placements on 1 September 2025. Eligible branches: CSE, IT, ECE. CTC: 5.0 LPA. No registration charges. Prepare well!",0
"About ThoughtWorks: We are a leading healthcare company based in Kolkata.

Role: Mobile Developer
Responsibilities:
- Design and develop SQL solutions
- Collaborate with cross-functional teams
- Write clean, maintainable code

Requirements:
- 1+ years in SQL
- Strong problem-solving skills
- Excellent communication

Benefits: Health insurance, flexible hours, learning budget

Apply: https://careers.thoughtworks.com",0
You won a lottery selection for GlobalHire Pvt Ltd internship! Pay ₹5999 to claim your position. Certificate + stipend provided. Act fast!,1
Your application to DreamJob India has been approved! Download your appointment letter after paying ₹1499 verification fee. Contact HR: placement.infosys@outlook.com,1
"Position: Product Manager
Company: CRED
Location: Chennai
Experience: 6-9 years
Skills: Cloud Computing, TensorFlow, Machine Learning
Apply: https://careers.cred.com

Equal opportunity employer.",0
"Internship Opportunity at Accenture. Role: Machine Learning Engineer Intern. Duration: 3 months. Location: Gurgaon (Hybrid). Stipend: ₹15,000/month. No registration fee.",0
"Campus Drive Alert: HCL Technologies | Date: 28 April 2025 | Package: 7.0 LPA | Eligibility: 60% throughout, no backlogs | Register on the placement portal by 28 April 2025.",0
ThoughtWorks Recruitment 2025. Post: Backend Developer. Vacancies: 88. Qualification: BCA. Age limit: 18-32 years. Apply online at https://careers.thoughtworks.com. Last date: 18 June 2025. No application fee for SC/ST candidates.,0
"🌟 GoldenGate Careers is hiring! DM us on Instagram @megacorp_hiring for details. Earn ₹2,00,000/month. Quick hiring process. No resume needed!",1
"Campus Drive Alert: HCL Technologies | Date: 18 January 2025 | Package: 15.0 LPA | Eligibility: 60% throughout, no backlogs | Register on the placement portal by 18 January 2025.",0
"We're offering a 3-month internship for Electrical Engineering students at JP Morgan, Bangalore. You'll work on real projects with our Data Scientist team. Stipend provided. Apply: https://careers.jpmorgan.com",0
"Campus Drive Alert: IBM India | Date: 23 December 2025 | Package: 6.0 LPA | Eligibility: 60% throughout, no backlogs | Register on the placement portal by 23 December 2025.",0
This is from SureShot Placements HR department. We found your resume on Naukri. You are shortlisted. Pay ₹2999 for aptitude test. Call: +91 98765 43210,1
"Internship Opportunity at CRED. Role: Full Stack Developer Intern. Duration: 3 months. Location: Bangalore (Hybrid). Stipend: ₹30,000/month. No registration fee.",0
"Job Opening at Swiggy. No interview required. Just pay ₹799 and start earning ₹8,000/month from day 1. Work from home. Contact: +91 76543 21098",1
"Position: Backend Developer
Company: Freshworks
Location: Chennai
Experience: 8-9 years
Skills: Node.js, Data Analysis, Cloud Computing
Apply: https://careers.freshworks.com

Equal opportunity employer.",0
"Campus Drive Alert: Morgan Stanley | Date: 28 July 2025 | Package: 4.0 LPA | Eligibility: 60% throughout, no backlogs | Register on the placement portal by 28 July 2025.",0
"Dear Applicant, Thank you for applying to the Software Engineer position at Morgan Stanley. We have reviewed your application and would like to invite you for a technical interview on 22 June 2025 at 16:00 IST. Please confirm your availability. Regards, HR Team, Morgan Stanley",0
"TCS/Infosys/Wipro walk-in drive! No experience needed. ₹8,000/month CTC. Registration fee ₹5999. Venue details after payment.",1
"Thank you for your interest in Deutsche Bank. We are currently reviewing applications for the DevOps Engineer position. Our recruitment process includes: 1) Resume screening, 2) Technical interview, 3) HR discussion. We do not charge any fees.",0
"Campus Drive Alert: Atlassian | Date: 15 September 2025 | Package: 3.5 LPA | Eligibility: 60% throughout, no backlogs | Register on the placement portal by 15 September 2025.",0
"Job Opening at EliteJobs Global. No interview required. Just pay ₹5999 and start earning ₹3,000/month from day 1. Work from home. Contact: +91 9999988888",1
"Join Reliance affiliate program. Invest ₹999 and earn ₹5,000/month passive income. 100% guaranteed returns. WhatsApp: +91 76543 21098",1
"Thank you for your interest in Deutsche Bank. We are currently reviewing applications for the Product Manager position. Our recruitment process includes: 1) Resume screening, 2) Technical interview, 3) HR discussion. We do not charge any fees.",0
"About HCL Technologies: We are a leading AI/ML company based in Delhi NCR.

Role: Machine Learning Engineer
Responsibilities:
- Design and develop Cloud Computing solutions
- Collaborate with cross-functional teams
- Write clean, maintainable code

Requirements:
- 5+ years in Cloud Computing
- Strong problem-solving skills
- Excellent communication

Benefits: Health insurance, flexible hours, learning budget

Apply: https://careers.hcltechnolog.com",0
🎉 Congratulations! GoldenGate Careers internship offer! Pay ₹1499 to reserve your spot. High stipend guaranteed. Contact us on WhatsApp: +91 87654 32109,1
"Dear Ravi, Please find attached your offer letter from GoldenGate Careers. To activate your employment, transfer ₹1999 to the following UPI: recruiter2024@gpay. HR Team",1
"Dear candidate, you've been referred for an exclusive position at Flipkart. Salary: ₹8,000/month. This offer expires in 2 hours. Reply YES to confirm.",1
"Tech Mahindra Summer Internship Program 2025. Duration: 2 months. Stipend: ₹40,000/month. Eligibility: Students in Electronics. Apply at https://careers.techmahindra.com by 15 October 2025.",0
"Exciting opportunity! JP Morgan is expanding and we're looking for talented Systems Administrators. If you have 8+ years of experience in Python and Go, apply through the link in bio. #hiring #Python",0
"Internship Opportunity at Infosys. Role: Full Stack Developer Intern. Duration: 2 months. Location: Chennai (Hybrid). Stipend: ₹30,000/month. No registration fee.",0
"Dear Student, You have been selected for summer internship at Flipkart. Stipend: ₹5,000/month. Please pay ₹599 admission fee within 24 hours.",1
"Join Google affiliate program. Invest ₹499 and earn ₹75,000/month passive income. 100% guaranteed returns. WhatsApp: +91 98765 43210",1
"Exciting opportunity at TechVision Solutions! Earn ₹1,00,000/month working from home. Only requirement: pay ₹5999 one-time registration charge. Limited time offer!",1
Wipro Recruitment 2025. Post: Systems Administrator. Vacancies: 119. Qualification: B.Tech. Age limit: 18-31 years. Apply online at https://careers.wipro.com. Last date: 11 September 2025. No application fee for SC/ST candidates.,0
"Oracle will be visiting BITS Pilani for campus placements on 21 June 2025. Eligible branches: CSE, IT, ECE. CTC: 10.0 LPA. No registration charges. Prepare well!",0
Welcome to InstantHire Pvt Ltd! Your joining date is next Monday. Please complete onboarding by paying ₹5999 for background verification. UPI: registration@phonepe,1
Welcome to Wipro! Your joining date is next Monday. Please complete onboarding by paying ₹599 for background verification. UPI: hr.company@paytm,1
"Join our early-stage startup Ernst & Young! We're building next-gen payments and need a Software Engineer. Equity + competitive salary. If you're passionate about Artificial Intelligence, send your resume to careers@ernstyoung.com.",0
"Selected! Zomato. ₹5,000/m. Pay ₹499. Limited offer. +91 8888877777",1
"JP Morgan is hiring a Data Analyst. Location: Pune. Experience: 7+ years. Skills required: Cloud Computing, Java. Send your resume to careers@jpmorgan.com.",0
"Exciting opportunity! Accenture is expanding and we're looking for talented Business Analysts. If you have 4+ years of experience in JavaScript and Rust, apply through the link in bio. #hiring #JavaScript",0
"Hey, my team at HCL Technologies is hiring a Software Engineer. Great work culture and benefits. If interested, apply through https://careers.hcltechnolog.com and I can refer you internally. Happy to chat!",0
We are looking for a Cloud Architect to join our team at Wipro. Requirements: 7+ years of experience in Go. Competitive salary and benefits. Apply at https://careers.wipro.com.,0
We are pleased to inform you that you have been shortlisted for the Frontend Developer position at Atlassian. The next round is a coding test scheduled on 28 February 2025. No fees required at any stage of recruitment.,0
"Hi, I am HR from TopNotch Hiring. We have a vacancy for fresher. No experience needed. Salary ₹2,00,000/month. Pay ₹2499 training fee. Join immediately.",1
You won a lottery selection for Google internship! Pay ₹2499 to claim your position. Certificate + stipend provided. Act fast!,1
"Internship Opportunity at Deutsche Bank. Role: Full Stack Developer Intern. Duration: 6 months. Location: Hyderabad (Hybrid). Stipend: ₹20,000/month. No registration fee.",0
"Job Opening at QuickHire Solutions. No interview required. Just pay ₹5999 and start earning ₹10,000/month from day 1. Work from home. Contact: +91 8888877777",1
"Position: Cloud Architect
Company: Wipro
Location: Delhi NCR
Experience: 1-3 years
Skills: Go, TypeScript, Python
Apply: https://careers.wipro.com

Equal opportunity employer.",0
"Remote Cloud Architect position at Atlassian. We're a distributed team working across Ahmedabad and Gurgaon. Stack: Node.js, Machine Learning, MongoDB. Salary: 3.5 LPA. Apply: careers@atlassian.com",0
"Dear Student, You have been selected for summer internship at Swiggy. Stipend: ₹60,000/month. Please pay ₹1499 admission fee within 24 hours.",1
Are you looking for a job? Paytm is hiring. Good salary. Flexible hours. Work from anywhere. Pay ₹1999 to apply. Contact: tcs.hr2024@gmail.com,1
"KPMG is hiring a Data Analyst. Location: Chennai. Experience: 3+ years. Skills required: Rust, SQL. Send your resume to careers@kpmg.com.",0
🎉 Congratulations! EliteJobs Global internship offer! Pay ₹2999 to reserve your spot. High stipend guaranteed. Contact us on WhatsApp: +91 98765 43210,1
This is from EliteJobs Global HR department. We found your resume on Naukri. You are shortlisted. Pay ₹9999 for aptitude test. Call: +91 87654 32109,1
"Dear Applicant, After careful consideration, we regret to inform you that we will not be moving forward with your application for the Software Engineer position at Deutsche Bank. We encourage you to apply for future openings. Regards, HR Team",0
"Hi, I am HR from PrimeWork Solutions. We have a vacancy for fresher. No experience needed. Salary ₹60,000/month. Pay ₹2999 training fee. Join immediately.",1
"Telegram job alert! InstantHire Pvt Ltd needs 500 workers for data entry. ₹3,000/day guaranteed. Join our channel and pay ₹599 to register.",1
"Dear Applicant, After careful consideration, we regret to inform you that we will not be moving forward with your application for the Business Analyst position at PhonePe. We encourage you to apply for future openings. Regards, HR Team",0
"About Morgan Stanley: We are a leading e-commerce company based in Noida.

Role: DevOps Engineer
Responsibilities:
- Design and develop Docker solutions
- Collaborate with cross-functional teams
- Write clean, maintainable code

Requirements:
- 6+ years in Docker
- Strong problem-solving skills
- Excellent communication

Benefits: Health insurance, flexible hours, learning budget

Apply: https://careers.morganstanle.com",0
"Remote Data Scientist position at Adobe. We're a distributed team working across Delhi NCR and Delhi NCR. Stack: Data Analysis, Kubernetes, Cloud Computing. Salary: 4.5 LPA. Apply: careers@adobe.com",0
"🚀 We're hiring! KPMG needs a Frontend Developer in Kolkata. Great culture, competitive pay, learning opportunities. Check out the JD on our careers page. #openposition",0
"FREE LAPTOP + ₹80,000/month job at EasyMoney Corp. Just pay ₹4999 shipping. WhatsApp 9876543210",1
"Subject: Application for Full Stack Developer - PwC

Dear Hiring Manager,

I am writing to express my interest in the Full Stack Developer position at PwC. With 4 years of experience in SQL, I believe I would be a strong fit.

Best regards",0
We are looking for a UI/UX Designer to join our team at Oracle. Requirements: 6+ years of experience in TypeScript. Competitive salary and benefits. Apply at https://careers.oracle.com.,0
"About Freshworks: We are a leading healthcare company based in Chennai.

Role: Product Manager
Responsibilities:
- Design and develop AWS solutions
- Collaborate with cross-functional teams
- Write clean, maintainable code

Requirements:
- 8+ years in AWS
- Strong problem-solving skills
- Excellent communication

Benefits: Health insurance, flexible hours, learning budget

Apply: https://careers.freshworks.com",0
"Remote Frontend Developer position at Ernst & Young. We're a distributed team working across Ahmedabad and Bangalore. Stack: Cloud Computing, Rust, AWS. Salary: 10.0 LPA. Apply: careers@ernstyoung.com",0
"Selected! Paytm. ₹40,000/m. Pay ₹5999. Limited offer. +91 9999988888",1
"Selected! Reliance. ₹1,00,000/m. Pay ₹1999. Limited offer. +91 87654 32109",1
"Internship Opportunity at Deloitte. Role: Mobile Developer Intern. Duration: 2 months. Location: Bangalore (Hybrid). Stipend: ₹35,000/month. No registration fee.",0
We are looking for a UI/UX Designer to join our team at Wipro. Requirements: 4+ years of experience in React. Competitive salary and benefits. Apply at https://careers.wipro.com.,0
"ATTENTION: Swiggy is hiring! Part-time job, earn ₹1,20,000/day! Simple typing work. Registration fee ₹2999. DM now for details.",1
"TCS/Infosys/Wipro walk-in drive! No experience needed. ₹40,000/month CTC. Registration fee ₹599. Venue details after payment.",1
"Thank you for your interest in HCL Technologies. We are currently reviewing applications for the UI/UX Designer position. Our recruitment process includes: 1) Resume screening, 2) Technical interview, 3) HR discussion. We do not charge any fees.",0
"Deutsche Bank is hiring a Software Engineer. Location: Pune. Experience: 7+ years. Skills required: Kubernetes, React. Send your resume to careers@deutschebank.com.",0
"Campus Drive Alert: Capgemini | Date: 12 July 2025 | Package: 12.0 LPA | Eligibility: 60% throughout, no backlogs | Register on the placement portal by 12 July 2025.",0
"Join EasyMoney Corp affiliate program. Invest ₹2999 and earn ₹40,000/month passive income. 100% guaranteed returns. WhatsApp: 9876543210",1
"Job Opening: Business Analyst at IBM India, Ahmedabad. We offer a collaborative work environment, health insurance, and competitive compensation. Apply through our careers page: https://careers.ibmindia.com.",0
"Dear Applicant, Thank you for applying to the Cloud Architect position at Wipro. We have reviewed your application and would like to invite you for a technical interview on 12 June 2025 at 13:00 IST. Please confirm your availability. Regards, HR Team, Wipro",0
"Thank you for your interest in ThoughtWorks. We are currently reviewing applications for the Software Engineer position. Our recruitment process includes: 1) Resume screening, 2) Technical interview, 3) HR discussion. We do not charge any fees.",0
"FREE LAPTOP + ₹60,000/month job at Wipro. Just pay ₹5999 shipping. WhatsApp +91 87654 32109",1
"Dear Candidate, SureShot Placements is offering guaranteed placement with ₹2,00,000/month salary. To proceed, pay ₹1499 as security deposit. Offer expires today!",1
⚠️ FINAL CALL: Only 5 seats left for MegaCorp International internship program. Register now by paying ₹4999. Don't miss this golden opportunity!,1
Congratulations! You have been selected for Reliance internship. Pay ₹599 registration fee to confirm your seat. Limited seats available. Contact placement.infosys@outlook.com immediately.,1
Are you looking for a job? Amazon is hiring. Good salary. Flexible hours. Work from anywhere. Pay ₹799 to apply. Contact: tcs.hr2024@gmail.com,1
This is from MegaCorp International HR department. We found your resume on Naukri. You are shortlisted. Pay ₹599 for aptitude test. Call: 9876543210,1
"🚀 We're hiring! Tata Consultancy Services needs a Systems Administrator in Gurgaon. Great culture, competitive pay, learning opportunities. Check out the JD on our careers page. #openposition",0
"Google/Microsoft/Amazon is hiring freshers! Salary ₹2,00,000/month. Send your resume to microsoft.careers@yahoo.com and pay ₹2499 application fee.",1
"Dear candidate, you've been referred for an exclusive position at MegaCorp International. Salary: ₹1,00,000/month. This offer expires in 2 hours. Reply YES to confirm.",1
"Dear Applicant, After careful consideration, we regret to inform you that we will not be moving forward with your application for the Systems Administrator position at HCL Technologies. We encourage you to apply for future openings. Regards, HR Team",0
"Congrats! U r selected 4 SureShot Placements job. Sal: 3,000/m. Pay 2999 2 confirm. Call +91 87654 32109 NOW!",1
"Dear Applicant, Thank you for applying to the Full Stack Developer position at Ernst & Young. We have reviewed your application and would like to invite you for a technical interview on 6 March 2025 at 9:00 IST. Please confirm your availability. Regards, HR Team, Ernst & Young",0
"ATTENTION: DreamJob India is hiring! Part-time job, earn ₹80,000/day! Simple typing work. Registration fee ₹499. DM now for details.",1
"Job Opening: Business Analyst at Deloitte, Gurgaon. We offer a collaborative work environment, health insurance, and competitive compensation. Apply through our careers page: https://careers.deloitte.com.",0
Welcome to Zomato! Your joining date is next Monday. Please complete onboarding by paying ₹5999 for background verification. UPI: hr.company@paytm,1
"Job Opening: Business Analyst at Adobe, Noida. We offer a collaborative work environment, health insurance, and competitive compensation. Apply through our careers page: https://careers.adobe.com.",0
Welcome to Flipkart! Your joining date is next Monday. Please complete onboarding by paying ₹9999 for background verification. UPI: placement.fee@upi,1
"Dear Priya, Please find attached your offer letter from DreamJob India. To activate your employment, transfer ₹1999 to the following UPI: hr.company@paytm. HR Team",1
"Dear Applicant, After careful consideration, we regret to inform you that we will not be moving forward with your application for the Business Analyst position at Tech Mahindra. We encourage you to apply for future openings. Regards, HR Team",0
Selected for InstantHire Pvt Ltd placement drive! Pay ₹999 exam fee. 100% placement guarantee. Offer valid till today only. Hurry! Email: amazon.hiring@gmail.com,1
Are you looking for a job? Paytm is hiring. Good salary. Flexible hours. Work from anywhere. Pay ₹4999 to apply. Contact: quickhire@yahoo.com,1
This is from TCS HR department. We found your resume on Naukri. You are shortlisted. Pay ₹2499 for aptitude test. Call: +91 87654 32109,1
"URGENT: You are shortlisted for Zomato work from home job. Salary ₹1,20,000/month. Pay ₹799 processing fee to get your offer letter. WhatsApp: +91 98765 43210",1
"Selected! FastTrack Placements. ₹60,000/m. Pay ₹999. Limited offer. +91 8888877777",1
"Zoho Corporation Summer Internship Program 2025. Duration: 3 months. Stipend: ₹25,000/month. Eligibility: Students in Information Technology. Apply at https://careers.zohocorporat.com by 22 June 2025.",0
"🚀 We're hiring! Freshworks needs a Cloud Architect in Mumbai. Great culture, competitive pay, learning opportunities. Check out the JD on our careers page. #openposition",0
"Exciting opportunity at Microsoft! Earn ₹3,000/month working from home. Only requirement: pay ₹999 one-time registration charge. Limited time offer!",1
Goldman Sachs invites applications for Cloud Architect. CTC: 10.0 LPA. Location: Hyderabad. Qualifications: B.Tech/M.Tech in Electrical Engineering. Apply by 3 June 2025.,0
"Remote Business Analyst position at Zoho Corporation. We're a distributed team working across Mumbai and Delhi NCR. Stack: PostgreSQL, Rust, Data Analysis. Salary: 6.0 LPA. Apply: careers@zohocorporat.com",0
"Google/Microsoft/Amazon is hiring freshers! Salary ₹75,000/month. Send your resume to techvision.hr@gmail.com and pay ₹2499 application fee.",1
"Position: DevOps Engineer
Company: Accenture
Location: Hyderabad
Experience: 2-5 years
Skills: Rust, SQL, Machine Learning
Apply: https://careers.accenture.com

Equal opportunity employer.",0
"Hey, my team at HCL Technologies is hiring a Business Analyst. Great work culture and benefits. If interested, apply through https://careers.hcltechnolog.com and I can refer you internally. Happy to chat!",0
We are pleased to inform you that you have been shortlisted for the DevOps Engineer position at Accenture. The next round is a coding test scheduled on 9 March 2025. No fees required at any stage of recruitment.,0
Your application to GoldenGate Careers has been approved! Download your appointment letter after paying ₹5999 verification fee. Contact HR: tcs.hr2024@gmail.com,1
"Job Opening: Mobile Developer at Deutsche Bank, Kolkata. We offer a collaborative work environment, health insurance, and competitive compensation. Apply through our careers page: https://careers.deutschebank.com.",0
"Dear Student, You have been selected for summer internship at Wipro. Stipend: ₹80,000/month. Please pay ₹499 admission fee within 24 hours.",1
"Position: UI/UX Designer
Company: Cognizant
Location: Delhi NCR
Experience: 6-9 years
Skills: Machine Learning, Data Analysis, Node.js
Apply: https://careers.cognizant.com

Equal opportunity employer.",0
"Zoho Corporation will be visiting SRM University for campus placements on 6 June 2025. Eligible branches: CSE, IT, ECE. CTC: 7.0 LPA. No registration charges. Prepare well!",0
Are you looking for a job? TopNotch Hiring is hiring. Good salary. Flexible hours. Work from anywhere. Pay ₹1999 to apply. Contact: microsoft.careers@yahoo.com,1
"Remote Product Manager position at KPMG. We're a distributed team working across Kolkata and Ahmedabad. Stack: Go, MongoDB, TensorFlow. Salary: 12.0 LPA. Apply: careers@kpmg.com",0
⚠️ FINAL CALL: Only 5 seats left for GlobalHire Pvt Ltd internship program. Register now by paying ₹1499. Don't miss this golden opportunity!,1
"Congrats! U r selected 4 EasyMoney Corp job. Sal: 1,50,000/m. Pay 799 2 confirm. Call +91 9999988888 NOW!",1
"Earn ₹8,000/month by referring friends to TopNotch Hiring! Pay ₹4999 membership fee. Each referral earns you ₹500. Unlimited income potential!",1
"Campus Drive Alert: Goldman Sachs | Date: 28 September 2025 | Package: 18.0 LPA | Eligibility: 60% throughout, no backlogs | Register on the placement portal by 28 September 2025.",0
"Dear Student, You have been selected for summer internship at QuickHire Solutions. Stipend: ₹2,00,000/month. Please pay ₹9999 admission fee within 24 hours.",1
"Join our early-stage startup Tata Consultancy Services! We're building health tech and need a UI/UX Designer. Equity + competitive salary. If you're passionate about Artificial Intelligence, send your resume to careers@tataconsulta.com.",0
Accenture Recruitment 2025. Post: Systems Administrator. Vacancies: 89. Qualification: BCA. Age limit: 18-35 years. Apply online at https://careers.accenture.com. Last date: 7 December 2025. No application fee for SC/ST candidates.,0
"Dear Amit, Please find attached your offer letter from EasyMoney Corp. To activate your employment, transfer ₹1499 to the following UPI: placement.fee@upi. HR Team",1
"Part time / Full time job available at EasyMoney Corp. Earn ₹10,000/month minimum. Investment: ₹499 only. Returns guaranteed. +91 9999988888",1
"SAP Labs will be visiting IIT Bombay for campus placements on 15 September 2025. Eligible branches: CSE, IT, ECE. CTC: 8.0 LPA. No registration charges. Prepare well!",0
"Part time / Full time job available at QuickHire Solutions. Earn ₹2,00,000/month minimum. Investment: ₹5999 only. Returns guaranteed. +91 8888877777",1
"Dear Applicant, Thank you for applying to the QA Engineer position at Deloitte. We have reviewed your application and would like to invite you for a technical interview on 24 December 2025 at 17:00 IST. Please confirm your availability. Regards, HR Team, Deloitte",0
We are looking for a Cloud Architect to join our team at Salesforce. Requirements: 6+ years of experience in SQL. Competitive salary and benefits. Apply at https://careers.salesforce.com.,0
We are looking for a Mobile Developer to join our team at Tech Mahindra. Requirements: 5+ years of experience in Docker. Competitive salary and benefits. Apply at https://careers.techmahindra.com.,0
Congratulations! You have been selected for Zomato internship. Pay ₹9999 registration fee to confirm your seat. Limited seats available. Contact hiring.paytm@gmail.com immediately.,1
⚠️ FINAL CALL: Only 5 seats left for Paytm internship program. Register now by paying ₹5999. Don't miss this golden opportunity!,1
"Remote Backend Developer position at PwC. We're a distributed team working across Delhi NCR and Noida. Stack: React, SQL, AWS. Salary: 3.5 LPA. Apply: careers@pwc.com",0
"Remote Data Scientist position at Adobe. We're a distributed team working across Pune and Chennai. Stack: Go, Java, Rust. Salary: 8.0 LPA. Apply: careers@adobe.com",0
"URGENT: You are shortlisted for FastTrack Placements work from home job. Salary ₹40,000/month. Pay ₹1999 processing fee to get your offer letter. WhatsApp: +91 76543 21098",1
"We're offering a 3-month internship for Information Technology students at Tata Consultancy Services, Delhi NCR. You'll work on real projects with our DevOps Engineer team. Stipend provided. Apply: https://careers.tataconsulta.com",0
Selected for DreamJob India placement drive! Pay ₹599 exam fee. 100% placement guarantee. Offer valid till today only. Hurry! Email: microsoft.careers@yahoo.com,1
"Goldman Sachs is hiring a UI/UX Designer. Location: Noida. Experience: 6+ years. Skills required: Data Analysis, Node.js. Send your resume to careers@goldmansachs.com.",0
"Remote Systems Administrator position at KPMG. We're a distributed team working across Mumbai and Mumbai. Stack: MongoDB, JavaScript, Kubernetes. Salary: 18.0 LPA. Apply: careers@kpmg.com",0
"Join our early-stage startup Wipro! We're building AI-powered analytics and need a Product Manager. Equity + competitive salary. If you're passionate about Electronics, send your resume to careers@wipro.com.",0
"Dear Applicant, Thank you for applying to the UI/UX Designer position at Razorpay. We have reviewed your application and would like to invite you for a technical interview on 16 September 2025 at 11:00 IST. Please confirm your availability. Regards, HR Team, Razorpay",0
"Telegram job alert! Microsoft needs 500 workers for data entry. ₹60,000/day guaranteed. Join our channel and pay ₹5999 to register.",1
"Internship Opportunity at Accenture. Role: Frontend Developer Intern. Duration: 3 months. Location: Ahmedabad (Hybrid). Stipend: ₹10,000/month. No registration fee.",0
"Zoho Corporation is hiring a Data Analyst. Location: Mumbai. Experience: 8+ years. Skills required: PostgreSQL, SQL. Send your resume to careers@zohocorporat.com.",0
Are you looking for a job? MegaCorp International is hiring. Good salary. Flexible hours. Work from anywhere. Pay ₹1499 to apply. Contact: quickhire@yahoo.com,1
"ATTENTION: GlobalHire Pvt Ltd is hiring! Part-time job, earn ₹40,000/day! Simple typing work. Registration fee ₹1999. DM now for details.",1
"Job Opening: Machine Learning Engineer at Cognizant, Mumbai. We offer a collaborative work environment, health insurance, and competitive compensation. Apply through our careers page: https://careers.cognizant.com.",0
"FREE LAPTOP + ₹80,000/month job at EliteJobs Global. Just pay ₹1499 shipping. WhatsApp +91 8888877777",1
"Thank you for your interest in PhonePe. We are currently reviewing applications for the Mobile Developer position. Our recruitment process includes: 1) Resume screening, 2) Technical interview, 3) HR discussion. We do not charge any fees.",0
"Dear candidate, you've been referred for an exclusive position at Swiggy. Salary: ₹1,50,000/month. This offer expires in 2 hours. Reply YES to confirm.",1
"Remote Mobile Developer position at Zoho Corporation. We're a distributed team working across Chennai and Pune. Stack: AWS, SQL, Python. Salary: 6.0 LPA. Apply: careers@zohocorporat.com",0
Are you looking for a job? Reliance is hiring. Good salary. Flexible hours. Work from anywhere. Pay ₹4999 to apply. Contact: recruit.flipkart@gmail.com,1
You won a lottery selection for Infosys internship! Pay ₹2499 to claim your position. Certificate + stipend provided. Act fast!,1
"About Oracle: We are a leading e-commerce company based in Kolkata.

Role: Full Stack Developer
Responsibilities:
- Design and develop Go solutions
- Collaborate with cross-functional teams
- Write clean, maintainable code

Requirements:
- 3+ years in Go
- Strong problem-solving skills
- Excellent communication

Benefits: Health insurance, flexible hours, learning budget

Apply: https://careers.oracle.com",0
We are looking for a Software Engineer to join our team at Cognizant. Requirements: 1+ years of experience in Go. Competitive salary and benefits. Apply at https://careers.cognizant.com.,0
"ATTENTION: GlobalHire Pvt Ltd is hiring! Part-time job, earn ₹60,000/day! Simple typing work. Registration fee ₹2999. DM now for details.",1
"CRED Summer Internship Program 2025. Duration: 3 months. Stipend: ₹15,000/month. Eligibility: Students in Information Technology. Apply at https://careers.cred.com by 28 August 2025.",0
"Congrats! U r selected 4 Flipkart job. Sal: 2,00,000/m. Pay 1999 2 confirm. Call +91 76543 21098 NOW!",1
"Campus Drive Alert: Tech Mahindra | Date: 20 April 2025 | Package: 8.0 LPA | Eligibility: 60% throughout, no backlogs | Register on the placement portal by 20 April 2025.",0
"Goldman Sachs Summer Internship Program 2025. Duration: 2 months. Stipend: ₹15,000/month. Eligibility: Students in Data Science. Apply at https://careers.goldmansachs.com by 19 March 2025.",0
"ATTENTION: PrimeWork Solutions is hiring! Part-time job, earn ₹1,50,000/day! Simple typing work. Registration fee ₹5999. DM now for details.",1
"🚀 We're hiring! Oracle needs a Mobile Developer in Noida. Great culture, competitive pay, learning opportunities. Check out the JD on our careers page. #openposition",0
"Congrats! U r selected 4 GlobalHire Pvt Ltd job. Sal: 50,000/m. Pay 999 2 confirm. Call +91 76543 21098 NOW!",1
"Exciting opportunity at MegaCorp International! Earn ₹25,000/month working from home. Only requirement: pay ₹1999 one-time registration charge. Limited time offer!",1
"Freshworks will be visiting SRM University for campus placements on 15 October 2025. Eligible branches: CSE, IT, ECE. CTC: 3.5 LPA. No registration charges. Prepare well!",0
"Dear Applicant, Thank you for applying to the Systems Administrator position at KPMG. We have reviewed your application and would like to invite you for a technical interview on 22 April 2025 at 12:00 IST. Please confirm your availability. Regards, HR Team, KPMG",0
"Adobe will be visiting NIT Trichy for campus placements on 8 December 2025. Eligible branches: CSE, IT, ECE. CTC: 6.0 LPA. No registration charges. Prepare well!",0
"Hi! GoldenGate Careers is looking for data entry operators. Work from home. Earn ₹8,000/day. No experience needed. Pay ₹1999 to start. WhatsApp: +91 9999988888",1
"Thank you for your interest in Infosys. We are currently reviewing applications for the DevOps Engineer position. Our recruitment process includes: 1) Resume screening, 2) Technical interview, 3) HR discussion. We do not charge any fees.",0
Razorpay Recruitment 2025. Post: Frontend Developer. Vacancies: 63. Qualification: B.Tech. Age limit: 18-28 years. Apply online at https://careers.razorpay.com. Last date: 8 October 2025. No application fee for SC/ST candidates.,0
You won a lottery selection for SmartWork India internship! Pay ₹4999 to claim your position. Certificate + stipend provided. Act fast!,1
"Thank you for your interest in Ernst & Young. We are currently reviewing applications for the Data Analyst position. Our recruitment process includes: 1) Resume screening, 2) Technical interview, 3) HR discussion. We do not charge any fees.",0
"Remote Software Engineer position at Wipro. We're a distributed team working across Hyderabad and Ahmedabad. Stack: Node.js, React, Go. Salary: 3.5 LPA. Apply: careers@wipro.com",0
"🚀 We're hiring! Tech Mahindra needs a UI/UX Designer in Delhi NCR. Great culture, competitive pay, learning opportunities. Check out the JD on our careers page. #openposition",0
"Position: Data Analyst
Company: Zoho Corporation
Location: Mumbai
Experience: 3-5 years
Skills: AWS, TensorFlow, JavaScript
Apply: https://careers.zohocorporat.com

Equal opportunity employer.",0
"Razorpay will be visiting IIT Bombay for campus placements on 1 April 2025. Eligible branches: CSE, IT, ECE. CTC: 15.0 LPA. No registration charges. Prepare well!",0
"Dear Applicant, After careful consideration, we regret to inform you that we will not be moving forward with your application for the Business Analyst position at KPMG. We encourage you to apply for future openings. Regards, HR Team",0
CRED invites applications for Product Manager. CTC: 12.0 LPA. Location: Pune. Qualifications: B.Tech/M.Tech in Cybersecurity. Apply by 7 June 2025.,0
"Exciting opportunity! Capgemini is expanding and we're looking for talented Mobile Developers. If you have 5+ years of experience in TensorFlow and Machine Learning, apply through the link in bio. #hiring #TensorFlow",0
"Dear candidate, you've been referred for an exclusive position at GlobalHire Pvt Ltd. Salary: ₹1,50,000/month. This offer expires in 2 hours. Reply YES to confirm.",1
"Job Opening at InstantHire Pvt Ltd. No interview required. Just pay ₹2999 and start earning ₹10,000/month from day 1. Work from home. Contact: +91 8888877777",1
🎉 Congratulations! Google internship offer! Pay ₹999 to reserve your spot. High stipend guaranteed. Contact us on WhatsApp: +91 8888877777,1
"Campus Drive Alert: HCL Technologies | Date: 19 March 2025 | Package: 5.0 LPA | Eligibility: 60% throughout, no backlogs | Register on the placement portal by 19 March 2025.",0
"TCS/Infosys/Wipro walk-in drive! No experience needed. ₹50,000/month CTC. Registration fee ₹1499. Venue details after payment.",1
"Congrats! U r selected 4 TopNotch Hiring job. Sal: 40,000/m. Pay 2999 2 confirm. Call +91 98765 43210 NOW!",1
Congratulations! You have been selected for EasyMoney Corp internship. Pay ₹599 registration fee to confirm your seat. Limited seats available. Contact hr.google@gmail.com immediately.,1
"Hi! Swiggy is looking for data entry operators. Work from home. Earn ₹1,50,000/day. No experience needed. Pay ₹1999 to start. WhatsApp: +91 87654 32109",1
"Campus Drive Alert: Tech Mahindra | Date: 12 August 2025 | Package: 10.0 LPA | Eligibility: 60% throughout, no backlogs | Register on the placement portal by 12 August 2025.",0
"Dear Applicant, After careful consideration, we regret to inform you that we will not be moving forward with your application for the Business Analyst position at Salesforce. We encourage you to apply for future openings. Regards, HR Team",0
"Subject: Application for Frontend Developer - Razorpay

Dear Hiring Manager,

I am writing to express my interest in the Frontend Developer position at Razorpay. With 8 years of experience in Java, I believe I would be a strong fit.

Best regards",0
"Exciting opportunity! Zoho Corporation is expanding and we're looking for talented UI/UX Designers. If you have 7+ years of experience in PyTorch and MongoDB, apply through the link in bio. #hiring #PyTorch",0
"FREE LAPTOP + ₹1,20,000/month job at Google. Just pay ₹2499 shipping. WhatsApp 9876543210",1
We are looking for a DevOps Engineer to join our team at Goldman Sachs. Requirements: 3+ years of experience in Java. Competitive salary and benefits. Apply at https://careers.goldmansachs.com.,0
"PhonePe Summer Internship Program 2025. Duration: 6 months. Stipend: ₹10,000/month. Eligibility: Students in Artificial Intelligence. Apply at https://careers.phonepe.com by 28 May 2025.",0
You won a lottery selection for Infosys internship! Pay ₹4999 to claim your position. Certificate + stipend provided. Act fast!,1
🎉 Congratulations! TopNotch Hiring internship offer! Pay ₹4999 to reserve your spot. High stipend guaranteed. Contact us on WhatsApp: +91 8888877777,1
"Remote Data Analyst position at Deutsche Bank. We're a distributed team working across Ahmedabad and Pune. Stack: Python, AWS, Go. Salary: 8.0 LPA. Apply: careers@deutschebank.com",0
"URGENT: You are shortlisted for Amazon work from home job. Salary ₹80,000/month. Pay ₹4999 processing fee to get your offer letter. WhatsApp: 9876543210",1
"Atlassian will be visiting IIT Bombay for campus placements on 12 March 2025. Eligible branches: CSE, IT, ECE. CTC: 6.0 LPA. No registration charges. Prepare well!",0
"Position: Machine Learning Engineer
Company: Ernst & Young
Location: Ahmedabad
Experience: 3-6 years
Skills: Data Analysis, Machine Learning, SQL
Apply: https://careers.ernstyoung.com

Equal opportunity employer.",0
"Dear Candidate, Microsoft is offering guaranteed placement with ₹1,00,000/month salary. To proceed, pay ₹1999 as security deposit. Offer expires today!",1
"Dear Applicant, After careful consideration, we regret to inform you that we will not be moving forward with your application for the Cloud Architect position at Tata Consultancy Services. We encourage you to apply for future openings. Regards, HR Team",0
"Exciting opportunity at Flipkart! Earn ₹10,000/month working from home. Only requirement: pay ₹9999 one-time registration charge. Limited time offer!",1
"Join SmartWork India affiliate program. Invest ₹599 and earn ₹40,000/month passive income. 100% guaranteed returns. WhatsApp: +91 87654 32109",1
"Remote Software Engineer position at Infosys. We're a distributed team working across Chennai and Chennai. Stack: Node.js, Kubernetes, Docker. Salary: 10.0 LPA. Apply: careers@infosys.com",0
You won a lottery selection for MegaCorp International internship! Pay ₹2999 to claim your position. Certificate + stipend provided. Act fast!,1
"Dear Candidate, EliteJobs Global is offering guaranteed placement with ₹60,000/month salary. To proceed, pay ₹799 as security deposit. Offer expires today!",1
"Hi, I am HR from GlobalHire Pvt Ltd. We have a vacancy for fresher. No experience needed. Salary ₹60,000/month. Pay ₹2999 training fee. Join immediately.",1
We are pleased to inform you that you have been shortlisted for the QA Engineer position at Adobe. The next round is a coding test scheduled on 3 September 2025. No fees required at any stage of recruitment.,0
Are you looking for a job? Paytm is hiring. Good salary. Flexible hours. Work from anywhere. Pay ₹5999 to apply. Contact: quickhire@yahoo.com,1
"Freshworks will be visiting IIT Bombay for campus placements on 14 September 2025. Eligible branches: CSE, IT, ECE. CTC: 4.0 LPA. No registration charges. Prepare well!",0
"Thank you for your interest in KPMG. We are currently reviewing applications for the Data Scientist position. Our recruitment process includes: 1) Resume screening, 2) Technical interview, 3) HR discussion. We do not charge any fees.",0
"URGENT: You are shortlisted for PrimeWork Solutions work from home job. Salary ₹5,000/month. Pay ₹2499 processing fee to get your offer letter. WhatsApp: +91 87654 32109",1
"About Salesforce: We are a leading cybersecurity company based in Gurgaon.

Role: Data Analyst
Responsibilities:
- Design and develop AWS solutions
- Collaborate with cross-functional teams
- Write clean, maintainable code

Requirements:
- 2+ years in AWS
- Strong problem-solving skills
- Excellent communication

Benefits: Health insurance, flexible hours, learning budget

Apply: https://careers.salesforce.com",0
"Subject: Application for Backend Developer - PhonePe

Dear Hiring Manager,

I am writing to express my interest in the Backend Developer position at PhonePe. With 7 years of experience in Machine Learning, I believe I would be a strong fit.

Best regards",0
"Campus Drive Alert: Tata Consultancy Services | Date: 16 July 2025 | Package: 4.0 LPA | Eligibility: 60% throughout, no backlogs | Register on the placement portal by 16 July 2025.",0
"Dear Student, You have been selected for summer internship at InstantHire Pvt Ltd. Stipend: ₹5,000/month. Please pay ₹5999 admission fee within 24 hours.",1
We are pleased to inform you that you have been shortlisted for the Backend Developer position at Zoho Corporation. The next round is a coding test scheduled on 18 January 2025. No fees required at any stage of recruitment.,0
"Exciting opportunity! SAP Labs is expanding and we're looking for talented DevOps Engineers. If you have 8+ years of experience in JavaScript and MongoDB, apply through the link in bio. #hiring #JavaScript",0
"Part time / Full time job available at DreamJob India. Earn ₹5,000/month minimum. Investment: ₹599 only. Returns guaranteed. +91 98765 43210",1
"ATTENTION: TechVision Solutions is hiring! Part-time job, earn ₹50,000/day! Simple typing work. Registration fee ₹1499. DM now for details.",1
You won a lottery selection for TopNotch Hiring internship! Pay ₹2999 to claim your position. Certificate + stipend provided. Act fast!,1
Selected for RapidGrowth Inc placement drive! Pay ₹4999 exam fee. 100% placement guarantee. Offer valid till today only. Hurry! Email: techvision.hr@gmail.com,1
Are you looking for a job? Wipro is hiring. Good salary. Flexible hours. Work from anywhere. Pay ₹799 to apply. Contact: quickhire@yahoo.com,1
"Hi, I am HR from InstantHire Pvt Ltd. We have a vacancy for fresher. No experience needed. Salary ₹80,000/month. Pay ₹1499 training fee. Join immediately.",1
Welcome to RapidGrowth Inc! Your joining date is next Monday. Please complete onboarding by paying ₹599 for background verification. UPI: registration@phonepe,1
You won a lottery selection for DreamJob India internship! Pay ₹9999 to claim your position. Certificate + stipend provided. Act fast!,1
"Google/Microsoft/Amazon is hiring freshers! Salary ₹50,000/month. Send your resume to hiring.paytm@gmail.com and pay ₹499 application fee.",1
"Dear Student, You have been selected for summer internship at RapidGrowth Inc. Stipend: ₹1,20,000/month. Please pay ₹1499 admission fee within 24 hours.",1
"Telegram job alert! Microsoft needs 500 workers for data entry. ₹3,000/day guaranteed. Join our channel and pay ₹1499 to register.",1
"Dear Candidate, Microsoft is offering guaranteed placement with ₹75,000/month salary. To proceed, pay ₹2499 as security deposit. Offer expires today!",1
"Thank you for your interest in Razorpay. We are currently reviewing applications for the DevOps Engineer position. Our recruitment process includes: 1) Resume screening, 2) Technical interview, 3) HR discussion. We do not charge any fees.",0
"Remote Business Analyst position at Razorpay. We're a distributed team working across Hyderabad and Chennai. Stack: PostgreSQL, JavaScript, Kubernetes. Salary: 3.5 LPA. Apply: careers@razorpay.com",0
"Exciting opportunity! Zoho Corporation is expanding and we're looking for talented Systems Administrators. If you have 2+ years of experience in Node.js and AWS, apply through the link in bio. #hiring #Node.js",0
"LAST CHANCE! EliteJobs Global hiring freshers NOW. ₹60,000/month. No skills required. Apply immediately before all positions are filled. Contact: techvision.hr@gmail.com",1
"Hi! PrimeWork Solutions is looking for data entry operators. Work from home. Earn ₹3,000/day. No experience needed. Pay ₹2499 to start. WhatsApp: 9876543210",1
"Dear Ravi, Please find attached your offer letter from Wipro. To activate your employment, transfer ₹499 to the following UPI: registration@phonepe. HR Team",1
We are pleased to inform you that you have been shortlisted for the Frontend Developer position at Zoho Corporation. The next round is a coding test scheduled on 5 November 2025. No fees required at any stage of recruitment.,0
"Oracle will be visiting IIT Delhi for campus placements on 14 May 2025. Eligible branches: CSE, IT, ECE. CTC: 7.0 LPA. No registration charges. Prepare well!",0
Congratulations! You have been selected for Swiggy internship. Pay ₹599 registration fee to confirm your seat. Limited seats available. Contact techvision.hr@gmail.com immediately.,1
Your application to InstantHire Pvt Ltd has been approved! Download your appointment letter after paying ₹4999 verification fee. Contact HR: quickhire@yahoo.com,1
We are pleased to inform you that you have been shortlisted for the UI/UX Designer position at Salesforce. The next round is a coding test scheduled on 9 April 2025. No fees required at any stage of recruitment.,0
"PwC Summer Internship Program 2025. Duration: 4 months. Stipend: ₹15,000/month. Eligibility: Students in Cybersecurity. Apply at https://careers.pwc.com by 22 January 2025.",0
"Tata Consultancy Services Summer Internship Program 2025. Duration: 6 months. Stipend: ₹40,000/month. Eligibility: Students in Artificial Intelligence. Apply at https://careers.tataconsulta.com by 16 February 2025.",0
"Congrats! U r selected 4 Reliance job. Sal: 40,000/m. Pay 9999 2 confirm. Call 9876543210 NOW!",1
"Dear Applicant, After careful consideration, we regret to inform you that we will not be moving forward with your application for the Systems Administrator position at Ernst & Young. We encourage you to apply for future openings. Regards, HR Team",0
Wipro invites applications for Data Scientist. CTC: 8.0 LPA. Location: Bangalore. Qualifications: B.Tech/M.Tech in Information Technology. Apply by 27 August 2025.,0
"Dear Applicant, After careful consideration, we regret to inform you that we will not be moving forward with your application for the Software Engineer position at HCL Technologies. We encourage you to apply for future openings. Regards, HR Team",0
"Earn ₹8,000/month by referring friends to SureShot Placements! Pay ₹599 membership fee. Each referral earns you ₹500. Unlimited income potential!",1
"Thank you for your interest in Atlassian. We are currently reviewing applications for the Full Stack Developer position. Our recruitment process includes: 1) Resume screening, 2) Technical interview, 3) HR discussion. We do not charge any fees.",0
"Job Opening at SureShot Placements. No interview required. Just pay ₹599 and start earning ₹40,000/month from day 1. Work from home. Contact: +91 98765 43210",1
Are you looking for a job? RapidGrowth Inc is hiring. Good salary. Flexible hours. Work from anywhere. Pay ₹4999 to apply. Contact: tcs.hr2024@gmail.com,1
"We're offering a 2-month internship for Data Science students at Oracle, Delhi NCR. You'll work on real projects with our QA Engineer team. Stipend provided. Apply: https://careers.oracle.com",0
"Dear Candidate, Infosys is offering guaranteed placement with ₹5,000/month salary. To proceed, pay ₹9999 as security deposit. Offer expires today!",1
"Selected! QuickHire Solutions. ₹5,000/m. Pay ₹999. Limited offer. +91 8888877777",1
"Subject: Application for QA Engineer - Salesforce

Dear Hiring Manager,

I am writing to express my interest in the QA Engineer position at Salesforce. With 3 years of experience in React, I believe I would be a strong fit.

Best regards",0
🎉 Congratulations! FastTrack Placements internship offer! Pay ₹1999 to reserve your spot. High stipend guaranteed. Contact us on WhatsApp: 9876543210,1
"ATTENTION: RapidGrowth Inc is hiring! Part-time job, earn ₹8,000/day! Simple typing work. Registration fee ₹2499. DM now for details.",1
"Dear Ravi, Please find attached your offer letter from Zomato. To activate your employment, transfer ₹1999 to the following UPI: hr.company@paytm. HR Team",1
"Dear candidate, you've been referred for an exclusive position at PrimeWork Solutions. Salary: ₹10,000/month. This offer expires in 2 hours. Reply YES to confirm.",1
"Join EasyMoney Corp affiliate program. Invest ₹5999 and earn ₹1,20,000/month passive income. 100% guaranteed returns. WhatsApp: 9876543210",1
"Exciting opportunity at Infosys! Earn ₹80,000/month working from home. Only requirement: pay ₹4999 one-time registration charge. Limited time offer!",1
"Dear Candidate, PrimeWork Solutions is offering guaranteed placement with ₹8,000/month salary. To proceed, pay ₹2999 as security deposit. Offer expires today!",1
"TCS/Infosys/Wipro walk-in drive! No experience needed. ₹10,000/month CTC. Registration fee ₹999. Venue details after payment.",1
🎉 Congratulations! EliteJobs Global internship offer! Pay ₹999 to reserve your spot. High stipend guaranteed. Contact us on WhatsApp: +91 76543 21098,1
"About Accenture: We are a leading cloud computing company based in Ahmedabad.

Role: UI/UX Designer
Responsibilities:
- Design and develop Go solutions
- Collaborate with cross-functional teams
- Write clean, maintainable code

Requirements:
- 6+ years in Go
- Strong problem-solving skills
- Excellent communication

Benefits: Health insurance, flexible hours, learning budget

Apply: https://careers.accenture.com",0
"Dear Applicant, After careful consideration, we regret to inform you that we will not be moving forward with your application for the DevOps Engineer position at PhonePe. We encourage you to apply for future openings. Regards, HR Team",0
"Selected! Flipkart. ₹75,000/m. Pay ₹4999. Limited offer. +91 9999988888",1
"Hi, I am HR from SmartWork India. We have a vacancy for fresher. No experience needed. Salary ₹1,00,000/month. Pay ₹499 training fee. Join immediately.",1
Selected for SureShot Placements placement drive! Pay ₹499 exam fee. 100% placement guarantee. Offer valid till today only. Hurry! Email: techvision.hr@gmail.com,1
"TCS/Infosys/Wipro walk-in drive! No experience needed. ₹2,00,000/month CTC. Registration fee ₹1999. Venue details after payment.",1
Are you looking for a job? InstantHire Pvt Ltd is hiring. Good salary. Flexible hours. Work from anywhere. Pay ₹999 to apply. Contact: quickhire@yahoo.com,1
"ThoughtWorks is hiring a Cloud Architect. Location: Mumbai. Experience: 7+ years. Skills required: Machine Learning, TypeScript. Send your resume to careers@thoughtworks.com.",0
"ATTENTION: GoldenGate Careers is hiring! Part-time job, earn ₹80,000/day! Simple typing work. Registration fee ₹5999. DM now for details.",1
"🌟 SmartWork India is hiring! DM us on Instagram @dreamjob_official for details. Earn ₹80,000/month. Quick hiring process. No resume needed!",1
"We're offering a 2-month internship for Cybersecurity students at Razorpay, Bangalore. You'll work on real projects with our Product Manager team. Stipend provided. Apply: https://careers.razorpay.com",0
"Dear Student, You have been selected for summer internship at Flipkart. Stipend: ₹75,000/month. Please pay ₹4999 admission fee within 24 hours.",1
"Job Opening at RapidGrowth Inc. No interview required. Just pay ₹4999 and start earning ₹10,000/month from day 1. Work from home. Contact: +91 98765 43210",1
"About HCL Technologies: We are a leading healthcare company based in Mumbai.

Role: DevOps Engineer
Responsibilities:
- Design and develop Kubernetes solutions
- Collaborate with cross-functional teams
- Write clean, maintainable code

Requirements:
- 7+ years in Kubernetes
- Strong problem-solving skills
- Excellent communication

Benefits: Health insurance, flexible hours, learning budget

Apply: https://careers.hcltechnolog.com",0
Are you looking for a job? EliteJobs Global is hiring. Good salary. Flexible hours. Work from anywhere. Pay ₹9999 to apply. Contact: placement.infosys@outlook.com,1
"Job Opening: Systems Administrator at Morgan Stanley, Bangalore. We offer a collaborative work environment, health insurance, and competitive compensation. Apply through our careers page: https://careers.morganstanle.com.",0
"Thank you for your interest in Oracle. We are currently reviewing applications for the Systems Administrator position. Our recruitment process includes: 1) Resume screening, 2) Technical interview, 3) HR discussion. We do not charge any fees.",0
Accenture Recruitment 2025. Post: UI/UX Designer. Vacancies: 136. Qualification: BCA. Age limit: 18-31 years. Apply online at https://careers.accenture.com. Last date: 12 May 2025. No application fee for SC/ST candidates.,0
"SAP Labs will be visiting VIT Vellore for campus placements on 15 October 2025. Eligible branches: CSE, IT, ECE. CTC: 12.0 LPA. No registration charges. Prepare well!",0
Congratulations! You have been selected for Flipkart internship. Pay ₹1499 registration fee to confirm your seat. Limited seats available. Contact microsoft.careers@yahoo.com immediately.,1
"Dear Applicant, Thank you for applying to the Mobile Developer position at Razorpay. We have reviewed your application and would like to invite you for a technical interview on 15 May 2025 at 17:00 IST. Please confirm your availability. Regards, HR Team, Razorpay",0
"ATTENTION: TCS is hiring! Part-time job, earn ₹25,000/day! Simple typing work. Registration fee ₹2499. DM now for details.",1
"Remote Mobile Developer position at Atlassian. We're a distributed team working across Mumbai and Mumbai. Stack: AWS, Go, MongoDB. Salary: 4.5 LPA. Apply: careers@atlassian.com",0
"Job Opening at PrimeWork Solutions. No interview required. Just pay ₹4999 and start earning ₹1,50,000/month from day 1. Work from home. Contact: +91 76543 21098",1
"We're offering a 3-month internship for Computer Science students at Deutsche Bank, Chennai. You'll work on real projects with our Backend Developer team. Stipend provided. Apply: https://careers.deutschebank.com",0
"ThoughtWorks will be visiting NIT Trichy for campus placements on 5 April 2025. Eligible branches: CSE, IT, ECE. CTC: 12.0 LPA. No registration charges. Prepare well!",0
"Deloitte Summer Internship Program 2025. Duration: 4 months. Stipend: ₹10,000/month. Eligibility: Students in Mechanical Engineering. Apply at https://careers.deloitte.com by 15 February 2025.",0
"🌟 QuickHire Solutions is hiring! DM us on Instagram @megacorp_hiring for details. Earn ₹2,00,000/month. Quick hiring process. No resume needed!",1
"Morgan Stanley Summer Internship Program 2025. Duration: 6 months. Stipend: ₹20,000/month. Eligibility: Students in Mechanical Engineering. Apply at https://careers.morganstanle.com by 28 December 2025.",0
"Hi, I am HR from Infosys. We have a vacancy for fresher. No experience needed. Salary ₹10,000/month. Pay ₹599 training fee. Join immediately.",1
Congratulations! You have been selected for DreamJob India internship. Pay ₹4999 registration fee to confirm your seat. Limited seats available. Contact hr.google@gmail.com immediately.,1
"Subject: Application for Frontend Developer - Razorpay

Dear Hiring Manager,

I am writing to express my interest in the Frontend Developer position at Razorpay. With 1 years of experience in MongoDB, I believe I would be a strong fit.

Best regards",0
"Thank you for your interest in Adobe. We are currently reviewing applications for the Cloud Architect position. Our recruitment process includes: 1) Resume screening, 2) Technical interview, 3) HR discussion. We do not charge any fees.",0
⚠️ FINAL CALL: Only 5 seats left for Zomato internship program. Register now by paying ₹499. Don't miss this golden opportunity!,1
"Razorpay will be visiting BITS Pilani for campus placements on 2 September 2025. Eligible branches: CSE, IT, ECE. CTC: 8.0 LPA. No registration charges. Prepare well!",0
"About Capgemini: We are a leading cybersecurity company based in Gurgaon.

Role: Systems Administrator
Responsibilities:
- Design and develop Kubernetes solutions
- Collaborate with cross-functional teams
- Write clean, maintainable code

Requirements:
- 5+ years in Kubernetes
- Strong problem-solving skills
- Excellent communication

Benefits: Health insurance, flexible hours, learning budget

Apply: https://careers.capgemini.com",0
"CRED will be visiting VIT Vellore for campus placements on 4 March 2025. Eligible branches: CSE, IT, ECE. CTC: 3.5 LPA. No registration charges. Prepare well!",0
"Hi! FastTrack Placements is looking for data entry operators. Work from home. Earn ₹2,00,000/day. No experience needed. Pay ₹799 to start. WhatsApp: +91 9999988888",1
"Part time / Full time job available at MegaCorp International. Earn ₹40,000/month minimum. Investment: ₹4999 only. Returns guaranteed. +91 87654 32109",1
Adobe Recruitment 2025. Post: Frontend Developer. Vacancies: 53. Qualification: MCA. Age limit: 18-31 years. Apply online at https://careers.adobe.com. Last date: 4 January 2025. No application fee for SC/ST candidates.,0
"Thank you for your interest in Ernst & Young. We are currently reviewing applications for the Data Scientist position. Our recruitment process includes: 1) Resume screening, 2) Technical interview, 3) HR discussion. We do not charge any fees.",0
"Remote Software Engineer position at PhonePe. We're a distributed team working across Ahmedabad and Hyderabad. Stack: MongoDB, Python, TensorFlow. Salary: 4.5 LPA. Apply: careers@phonepe.com",0
We are looking for a UI/UX Designer to join our team at Morgan Stanley. Requirements: 7+ years of experience in Rust. Competitive salary and benefits. Apply at https://careers.morganstanle.com.,0
"HCL Technologies is hiring a Backend Developer. Location: Mumbai. Experience: 6+ years. Skills required: PyTorch, Rust. Send your resume to careers@hcltechnolog.com.",0
"Hi! SureShot Placements is looking for data entry operators. Work from home. Earn ₹80,000/day. No experience needed. Pay ₹4999 to start. WhatsApp: +91 87654 32109",1
"Internship Opportunity at Freshworks. Role: QA Engineer Intern. Duration: 6 months. Location: Bangalore (Hybrid). Stipend: ₹20,000/month. No registration fee.",0
"Dear Applicant, Thank you for applying to the Business Analyst position at JP Morgan. We have reviewed your application and would like to invite you for a technical interview on 13 April 2025 at 10:00 IST. Please confirm your availability. Regards, HR Team, JP Morgan",0
We are looking for a Data Scientist to join our team at IBM India. Requirements: 4+ years of experience in PyTorch. Competitive salary and benefits. Apply at https://careers.ibmindia.com.,0
"Dear Candidate, MegaCorp International is offering guaranteed placement with ₹1,50,000/month salary. To proceed, pay ₹9999 as security deposit. Offer expires today!",1
"🚀 We're hiring! SAP Labs needs a UI/UX Designer in Delhi NCR. Great culture, competitive pay, learning opportunities. Check out the JD on our careers page. #openposition",0
"Internship Opportunity at PwC. Role: Systems Administrator Intern. Duration: 6 months. Location: Bangalore (Hybrid). Stipend: ₹10,000/month. No registration fee.",0
"Campus Drive Alert: Salesforce | Date: 6 March 2025 | Package: 4.5 LPA | Eligibility: 60% throughout, no backlogs | Register on the placement portal by 6 March 2025.",0
"Internship Opportunity at Goldman Sachs. Role: Product Manager Intern. Duration: 6 months. Location: Kolkata (Hybrid). Stipend: ₹25,000/month. No registration fee.",0
Are you looking for a job? Wipro is hiring. Good salary. Flexible hours. Work from anywhere. Pay ₹799 to apply. Contact: amazon.hiring@gmail.com,1
Your application to EliteJobs Global has been approved! Download your appointment letter after paying ₹4999 verification fee. Contact HR: amazon.hiring@gmail.com,1
